episode,avg_reward
1,0.47489580948802507
2,0.4489024287032411
3,0.4388454336317446
4,0.5479998947740014
5,0.4355188981016672
6,0.4984100173644807
7,0.5063873416039297
8,0.47434083940107824
9,0.4821039533302549
10,0.48315364392945315
11,0.49994441238401954
12,0.46899479106515246
13,0.4393079254343151
14,0.3976995521062176
15,0.4468411041468264
16,0.4521729590790964
17,0.47419081590270323
18,0.4368760354649103
19,0.42230188286583115
20,0.5649967393711569
21,0.4759363002833482
22,0.4537562884429364
23,0.484858313849757
24,0.5151088705283884
25,0.4703392820450894
26,0.5081752920675191
27,0.4680085225030443
28,0.4433458738919327
29,0.5065152986213521
30,0.5244199598349671
31,0.5225675537591231
32,0.5001073809897916
33,0.5597217237333962
34,0.5428785261832229
35,0.5330427602988668
36,0.4819607621716284
37,0.5762032678096585
38,0.49570399615604793
39,0.5240509540617447
40,0.5302162225076225
41,0.521270278308839
42,0.4597193221754938
43,0.4930872415494314
44,0.47110330933523825
45,0.4986744959874096
46,0.586130765784461
47,0.49279555813607295
48,0.4923890311277458
49,0.47134772865438973
50,0.5882204056006397
51,0.48442106004575963
52,0.4556759963626659
53,0.47982151483994473
54,0.4971169232601045
55,0.4696593527551039
56,0.4696194732149421
57,0.5477414292328153
58,0.48959124737488197
59,0.48118864425287117
60,0.5826033886077552
61,0.46441617195385204
62,0.5121538096462056
63,0.48376884590955627
64,0.4979733897824225
65,0.49185845202554573
66,0.4943343896449636
67,0.45594515403593044
68,0.4574041223397554
69,0.5200227680230405
70,0.49536344524264647
71,0.5091421888661289
72,0.5573175554506331
73,0.5585132675089357
74,0.5112734221354951
75,0.5153208242246375
76,0.5294299419008971
77,0.5978237486896371
78,0.490545577655061
79,0.5379853230740068
80,0.5620915367224419
81,0.5234795846163799
82,0.5569646548650233
83,0.5189404138932321
84,0.5346926193655872
85,0.48699226177723753
86,0.4912117600031793
87,0.5146528234068165
88,0.5190240590079412
89,0.555159663365168
90,0.5299341917627239
91,0.5148644185017633
92,0.5011902771846427
93,0.5301142074075016
94,0.5282018390108965
95,0.5500134257341379
96,0.5236037114321163
97,0.5820497537928593
98,0.5551695532315241
99,0.4816274915208369
100,0.489274761574941
101,0.5573870446803443
102,0.5370986048381622
103,0.4729075707230693
104,0.5251892764002344
105,0.5078053444377018
106,0.5431674791700829
107,0.523714082657695
108,0.47809173921543435
109,0.5552983440838052
110,0.5273105797484654
111,0.5622323937845934
112,0.4389943791666898
113,0.49927851371305615
114,0.518660085774101
115,0.6122886520984561
116,0.4908451566505324
117,0.5442354517053427
118,0.5353455549244353
119,0.5611196807859598
120,0.5703703105538467
121,0.5443264985969705
122,0.5259863508135078
123,0.552352288769971
124,0.5254626856385065
125,0.5154251002685054
126,0.5831259024613162
127,0.48861896285199924
128,0.5615541560474346
129,0.48625069076331684
130,0.5662149692425592
131,0.5653220923667865
132,0.48640383546890315
133,0.5535796180743925
134,0.562800551561338
135,0.5079882991436486
136,0.5002182666502534
137,0.481522497268848
138,0.5197501730730403
139,0.5022013364862803
140,0.5430364242399887
141,0.48081202965842096
142,0.5500727733701468
143,0.5124374721333104
144,0.5760007641724101
145,0.6798669119378934
146,0.6016123261106686
147,0.5598232599946972
148,0.570400227379967
149,0.5777040691423294
150,0.5023726425306311
151,0.5633104439733011
152,0.5707685869242977
153,0.600363814767787
154,0.542708155864413
155,0.5270084589447701
156,0.6091611475246907
157,0.5579059774637926
158,0.4923445722266606
159,0.5075077596428873
160,0.5765335019695346
161,0.6145394723374046
162,0.6054009150513733
163,0.5240543730030424
164,0.483470593332692
165,0.6601983381387317
166,0.5813498924550974
167,0.5200336698878864
168,0.6011091200037545
169,0.4814202344910843
170,0.5121914982278775
171,0.5874984827245774
172,0.556164540305999
173,0.4643793847583709
174,0.6190144884260758
175,0.6123759927732347
176,0.5582334076008724
177,0.6520857675963494
178,0.5187854848354295
179,0.5209362393246157
180,0.5808758077811276
181,0.5425209054899597
182,0.5653613050112611
183,0.5145146594727409
184,0.5706880123901938
185,0.5255985057261416
186,0.5915284831324648
187,0.5783959540285015
188,0.5145928384897808
189,0.685210891729879
190,0.4946795329885498
191,0.5021859268682503
192,0.6050363268474396
193,0.6015152938466263
194,0.5913507527236197
195,0.5298759144657756
196,0.5127121230741196
197,0.5286679359248148
198,0.4790681061157894
199,0.5317407768257753
200,0.5422792211069358
201,0.5213383477294592
202,0.5570700208216635
203,0.5582850389678289
204,0.49848202405505687
205,0.5669026932115393
206,0.5524845250286273
207,0.5376565668238017
208,0.5496093790308838
209,0.508220827543147
210,0.5333264147807079
211,0.5658000351745543
212,0.5767555993731444
213,0.5129570295500432
214,0.5751597616383333
215,0.5269489935446824
216,0.5612013028109044
217,0.628412272475404
218,0.5162855636212225
219,0.6105578128880039
220,0.5355906260164703
221,0.6179850792141501
222,0.5102500596474921
223,0.5554281608812568
224,0.5499121936078757
225,0.5830845443480374
226,0.6408507761413196
227,0.5882508433659237
228,0.5555471223388823
229,0.5597056931142044
230,0.6064572815896322
231,0.6539656144052511
232,0.5576165747015401
233,0.5846895028334768
234,0.6436835902485691
235,0.6124161981788073
236,0.5054048216763151
237,0.7042900439949862
238,0.5210181268469989
239,0.54686163084914
240,0.6280378392531714
241,0.5700559725122817
242,0.5733806809399132
243,0.570202743741152
244,0.6329671599659004
245,0.6645491059917216
246,0.5561028618356246
247,0.5857792452395221
248,0.5350036815104583
249,0.5445231615705973
250,0.6749620826828557
251,0.6002611467327196
252,0.5699951191013859
253,0.6127071567995724
254,0.5741020285930475
255,0.6485496140189281
256,0.5731945209034708
257,0.6017927976445573
258,0.6661831881886053
259,0.6055881765483274
260,0.5260116166986003
261,0.5524456516978377
262,0.5927035088783601
263,0.521915774404368
264,0.5455139581745874
265,0.573362421778889
266,0.5787419663464372
267,0.6243886132319285
268,0.6139082223306526
269,0.5675140149342819
270,0.6285283347217859
271,0.44351521183418574
272,0.543871364082189
273,0.5715403017745981
274,0.5729900524892403
275,0.5466896291189761
276,0.5885607892846183
277,0.5383055366349638
278,0.5631374861226918
279,0.5269946268024593
280,0.665456496165422
281,0.624155785364149
282,0.6180226229789196
283,0.46150756983886604
284,0.5854473970159906
285,0.515500316901886
286,0.6416972856972771
287,0.5198834057345253
288,0.6096807765072954
289,0.6496379066877374
290,0.593301739756261
291,0.5629400194485482
292,0.5753289469267536
293,0.5421730758069825
294,0.5006441218142386
295,0.622618636710166
296,0.5043925999974517
297,0.6828788600526586
298,0.6771146920427585
299,0.6366880339837621
300,0.5695412757974251
301,0.588962367433
302,0.6626160198782317
303,0.6538755858890449
304,0.5687567975983004
305,0.5887710408804179
306,0.6014919062721946
307,0.5429213988860712
308,0.5436268444742454
309,0.5615194324326942
310,0.6917911314369255
311,0.5347494659847729
312,0.5402781991861607
313,0.6164142047141155
314,0.6753643188762192
315,0.480361050182282
316,0.5321338853563952
317,0.6143403083074772
318,0.6333230534219553
319,0.5551301030702518
320,0.5465893221592284
321,0.5791403651671461
322,0.617615374131821
323,0.566048318647374
324,0.6393305649434332
325,0.5710000275219678
326,0.5589707825937196
327,0.653691838705381
328,0.5939463302986527
329,0.5467427331221427
330,0.5888727089002775
331,0.5471194370927246
332,0.5481110106283266
333,0.5793496079152738
334,0.7321850541732517
335,0.6714274158384052
336,0.6679981826321558
337,0.6164982552787237
338,0.6458025342984844
339,0.6081496666109043
340,0.633082606052597
341,0.5654794099598471
342,0.6081218274354893
343,0.5935172329501351
344,0.6105216643891292
345,0.6904027995577884
346,0.46809283269647267
347,0.5710679939626222
348,0.5312696457505011
349,0.5869974513772399
350,0.5476979403831462
351,0.5606256927424402
352,0.6532747349056259
353,0.6757107352107181
354,0.5352201750356832
355,0.5958152038408423
356,0.6034648914994901
357,0.5858590764709808
358,0.5982812400826767
359,0.6148349873870356
360,0.63813621527996
361,0.5662942714785622
362,0.530416046472494
363,0.5451634353948847
364,0.6159970524199518
365,0.589053541735943
366,0.6242217757886832
367,0.5884525730326049
368,0.624134162653956
369,0.6206849301216688
370,0.606852682683534
371,0.5627859399097707
372,0.6026607148520818
373,0.649340241383533
374,0.6440714200929571
375,0.5903660842123046
376,0.5982097070094481
377,0.5584167339732118
378,0.6017341713940975
379,0.608244571046576
380,0.5745246341202018
381,0.5702922796303254
382,0.6476711583146678
383,0.5754475301751866
384,0.7020480037695086
385,0.5681297738761234
386,0.595299943357869
387,0.5613979825931683
388,0.6285266816856968
389,0.6052259559815201
390,0.627267292152278
391,0.5808960269469273
392,0.6134195026677731
393,0.5715370884563867
394,0.5406482303262474
395,0.5304639542425411
396,0.5663079452327746
397,0.6355889639489702
398,0.6240993111101895
399,0.5473364447753876
400,0.5084961141615425
401,0.5284530634302252
402,0.636410945627397
403,0.5555546029711212
404,0.5994408849287192
405,0.6357113133396249
406,0.5758510921872757
407,0.6063572313835259
408,0.5445647862755054
409,0.6121773469412403
410,0.6389776770210309
411,0.7016258682199716
412,0.5616202112780393
413,0.5986595777207822
414,0.584204483203987
415,0.6687349839428889
416,0.5451781750312097
417,0.6952539980868022
418,0.5952579294574017
419,0.6149419970271616
420,0.5497714202137272
421,0.6532420209157743
422,0.6478884345223632
423,0.6472985189174223
424,0.5139059885865638
425,0.5845299668682692
426,0.6019529914681033
427,0.5887376047394223
428,0.5813591690179162
429,0.6158736250605653
430,0.5552273004509803
431,0.5319889146536594
432,0.6242502252178537
433,0.6116888961570672
434,0.5851370617047568
435,0.5440310108284963
436,0.5565878265288849
437,0.6686480463356256
438,0.6052719794988838
439,0.5663035086851148
440,0.5813405228826163
441,0.5983042676158778
442,0.6181456616186173
443,0.6596366525170663
444,0.6526558472563545
445,0.6080848239815067
446,0.6514223427827314
447,0.5878317159591269
448,0.6933185268362095
449,0.6797758268780677
450,0.6166260081675667
451,0.6384208730936639
452,0.5481391984406482
453,0.5992638095557603
454,0.6698632818033778
455,0.6336713591996177
456,0.5891413327338869
457,0.5860928013195799
458,0.6314590019677518
459,0.5927984821742235
460,0.5633346413502198
461,0.5882169915713564
462,0.6122971205120517
463,0.6063305886622294
464,0.5666488244743495
465,0.6345528026699219
466,0.5397722527309546
467,0.6230235313477236
468,0.6088492782122503
469,0.5832631192995461
470,0.6011145112662529
471,0.6134731673064401
472,0.6134818399855294
473,0.5862108056572262
474,0.5881192628646432
475,0.6332650661475592
476,0.6641198125739273
477,0.5450410005946614
478,0.5461763021075425
479,0.7047976653327828
480,0.6303871740722666
481,0.6018350126524538
482,0.6037304417027607
483,0.6473806120752164
484,0.6209704744182062
485,0.575693616913188
486,0.5832409696126387
487,0.6095311589448142
488,0.6007001011487684
489,0.6747449058669177
490,0.6115681925753051
491,0.6521067668858046
492,0.5653457412377719
493,0.5988090857705302
494,0.556578390173771
495,0.5586948360255013
496,0.6464191059654141
497,0.5706237504528349
498,0.5073284745484358
499,0.6063886697460092
500,0.5766602046014708
501,0.6577209348740936
502,0.5586167932836854
503,0.5900004933312152
504,0.5651164849639164
505,0.6119035986070976
506,0.5742022039500023
507,0.613672514164247
508,0.6185374017283765
509,0.521351779566245
510,0.639156895934125
511,0.5914396584358403
512,0.5908578585564609
513,0.6171592395976941
514,0.6969270511605191
515,0.6245592127219503
516,0.6201071587990608
517,0.555055562775796
518,0.6411187442233499
519,0.5271595900091102
520,0.6194073958442203
521,0.6416741415694073
522,0.5665226666967466
523,0.5808301442237708
524,0.6234950865399811
525,0.6235046268002253
526,0.7090573813120327
527,0.6251709351052657
528,0.6561233818953219
529,0.6002799113504491
530,0.6676806053014788
531,0.572411387255575
532,0.6081605146288243
533,0.6345947751059806
534,0.6141479522573807
535,0.6480621912347729
536,0.6833488196008943
537,0.610036577420744
538,0.5490416206790982
539,0.5999143872614033
540,0.6619577544596871
541,0.5483625598439157
542,0.5692015809380062
543,0.5832222481555077
544,0.6782147420951439
545,0.6300536566797913
546,0.6069422745166704
547,0.5650495385197152
548,0.6403466667098634
549,0.5650180537514197
550,0.5981112866042871
551,0.6574664909004407
552,0.6096349942059193
553,0.5924063304422751
554,0.5737774882964216
555,0.5905756954274074
556,0.7250620740594147
557,0.6606370571665363
558,0.6554747337505975
559,0.6952849673807884
560,0.6382065571016052
561,0.5503792208117968
562,0.5054883855630906
563,0.6486899655764797
564,0.5989492818605366
565,0.6261741785823781
566,0.5924139697699013
567,0.5892513618923225
568,0.6633726862370463
569,0.5782393944453301
570,0.6130336248295724
571,0.6770509302599643
572,0.679851565934372
573,0.6360750774795525
574,0.6064421988274604
575,0.694719241050477
576,0.6577368521704762
577,0.5834777004905777
578,0.5688266924259484
579,0.6262692303274076
580,0.6041125298295763
581,0.6399197943129559
582,0.5525196110983297
583,0.6133135036145118
584,0.5466593968629134
585,0.6157443662149589
586,0.6322288063436414
587,0.620030886843098
588,0.626119231848354
589,0.6768250238043696
590,0.6601342513124225
591,0.6549197800847888
592,0.5377987194172578
593,0.5881324800737441
594,0.651440675421
595,0.6094878762507588
596,0.5440485070165003
597,0.5426783094874085
598,0.6450550265115141
599,0.5855817321690782
600,0.6500735974490739
601,0.5924411749656506
602,0.6487499177837242
603,0.6806675162131363
604,0.5983990314178965
605,0.6554982479615948
606,0.61370453066527
607,0.6644673885430464
608,0.6972622354672788
609,0.6761624639528614
610,0.6404698161612289
611,0.7118016652064223
612,0.5471299315541197
613,0.7445833709690828
614,0.6246374842234761
615,0.5739953249980562
616,0.6886515738591406
617,0.6704308463795516
618,0.6407111809833407
619,0.6739202191244198
620,0.6661036529656477
621,0.7187442341292716
622,0.5743274273218559
623,0.6202356062566748
624,0.5814750221539612
625,0.6506674332505371
626,0.6305672235394537
627,0.6400349390671374
628,0.7024593822824093
629,0.7020874046985902
630,0.6889217432630851
631,0.6533708407382671
632,0.6802508742975933
633,0.5495855364459683
634,0.6064174722482573
635,0.608547385645399
636,0.5779085788589082
637,0.6253063963728078
638,0.6303588949375765
639,0.6226764652039315
640,0.6098366470314389
641,0.648064111318478
642,0.6405700246071272
643,0.633026224022235
644,0.5975258633005756
645,0.7277882469682138
646,0.6561286924000652
647,0.6560144383955547
648,0.5684593209723192
649,0.592417934327944
650,0.6457459119441366
651,0.6073638178354266
652,0.6537076551057652
653,0.5887655787965782
654,0.5999291147586463
655,0.610158182119637
656,0.640439554695858
657,0.632469886060936
658,0.5469469014038972
659,0.6259855957992586
660,0.6072377577265115
661,0.6526836467182562
662,0.6284426879491725
663,0.589779976122665
664,0.5974140447233932
665,0.6786977095607889
666,0.6292623446136362
667,0.583971515690248
668,0.6156015811846376
669,0.5774858921460512
670,0.5596863788054729
671,0.6044395666703383
672,0.5719735634927452
673,0.7281872185104414
674,0.6299611632725215
675,0.6288188105212856
676,0.6248887612112608
677,0.6235651297942494
678,0.5562009999745636
679,0.5942996659345708
680,0.6252533334278758
681,0.6112088373075069
682,0.6324153264128406
683,0.6560104978251828
684,0.644395420830397
685,0.5822706909692567
686,0.6773859211062585
687,0.6268348898714122
688,0.6621784703986529
689,0.6058228719789802
690,0.5907927376659944
691,0.6561413639391135
692,0.6436548747113087
693,0.677742326620048
694,0.6296449425687701
695,0.6552643174271965
696,0.5456756510708551
697,0.6280312440085204
698,0.6614937008172782
699,0.5608305447669764
700,0.5669318718937603
701,0.6587502919498668
702,0.6658490400255601
703,0.6500833554594783
704,0.610922203672071
705,0.6338088431406806
706,0.6382776938945128
707,0.5351049495244969
708,0.6619429109166998
709,0.6406993557466102
710,0.6833333385202803
711,0.6026685700838625
712,0.6065297417999794
713,0.6034551560584933
714,0.639985431053108
715,0.677137701668675
716,0.6909055150930423
717,0.6282311275588855
718,0.6171239680671909
719,0.6094890615867498
720,0.5921894934676882
721,0.5902510629649397
722,0.6763814922927758
723,0.5807629545616411
724,0.6649440164451353
725,0.5455607036005033
726,0.5836210807124688
727,0.580685287892678
728,0.6806389737433359
729,0.6151909554622592
730,0.6405507396892824
731,0.5974124485202309
732,0.5527722834445286
733,0.5919319315176589
734,0.548489299703061
735,0.5692416839592437
736,0.6555090446171117
737,0.6399284125175655
738,0.6849236414896677
739,0.5977535192769974
740,0.6550444694236827
741,0.6054687822986948
742,0.5145378741713373
743,0.6636982888394091
744,0.6300137701761704
745,0.6344341792437745
746,0.5992923217937363
747,0.6267734632787587
748,0.5826062193801254
749,0.5371605385750597
750,0.5628907045340248
751,0.6245433089733716
752,0.6419596242432045
753,0.592349089172651
754,0.6021514304434589
755,0.6100090355004596
756,0.5281418679009994
757,0.5720333778359299
758,0.6098400363366446
759,0.6059852422890912
760,0.5977882575845821
761,0.6658785529179047
762,0.6392307493048464
763,0.5384541705130145
764,0.6239532198061862
765,0.6541510730138629
766,0.6425842284659515
767,0.5726671530441066
768,0.5582767447238677
769,0.6726088240558603
770,0.668322401407414
771,0.6483407603246722
772,0.6826582615653953
773,0.7027907290408509
774,0.6487208856620701
775,0.5709788533802468
776,0.6353706853246739
777,0.7229635269137329
778,0.6330997213944402
779,0.5955734358532654
780,0.6116104775701963
781,0.5597513487068325
782,0.5677650733898065
783,0.696468588544767
784,0.6863630024082904
785,0.49852032793494194
786,0.6232408632116425
787,0.5929527695626713
788,0.6889098038185284
789,0.6210382996097904
790,0.5731547995581169
791,0.6220019353342536
792,0.6761358595159369
793,0.6116937459653857
794,0.6405117090501179
795,0.6200548111305032
796,0.5483823347974027
797,0.6074882508282017
798,0.6566709753248634
799,0.5775555662373425
800,0.5374032623895603
801,0.580711538620532
802,0.6326962758832697
803,0.6071628981740844
804,0.5534801265318418
805,0.6400364862186109
806,0.6006460805672662
807,0.6399199074700214
808,0.6217255140953328
809,0.5749925498560273
810,0.6552750361590505
811,0.5583945085374996
812,0.6177446164215187
813,0.6023315720554617
814,0.5427400793321389
815,0.5127011353206383
816,0.5955785598039056
817,0.6814597044512449
818,0.6248678445347279
819,0.56903043870463
820,0.6235942392061397
821,0.6215321372257745
822,0.5556389892735818
823,0.6624218349359045
824,0.5696430795315591
825,0.6444076143259589
826,0.5949384353580572
827,0.6544035330275436
828,0.7054745309998707
829,0.5284136955575449
830,0.5907367692232317
831,0.5849190603923268
832,0.6367576544704076
833,0.5949451992642885
834,0.5749559398796468
835,0.6550177024468589
836,0.6481967424970893
837,0.5585957554415139
838,0.6213430582628843
839,0.6431486696315496
840,0.6229147027056267
841,0.653822552375016
842,0.6592594737655886
843,0.5925554954435925
844,0.5870362359038919
845,0.5872765014200568
846,0.654635860116946
847,0.6352115677583667
848,0.6136369203188938
849,0.6675910319814764
850,0.6819346032984704
851,0.6210653200635798
852,0.5973102587961638
853,0.6448451898190671
854,0.6502912252291719
855,0.5243918091998379
856,0.6446425900952782
857,0.5753762739560299
858,0.6030028033907533
859,0.5524538094890196
860,0.6169829760863706
861,0.5775272850464199
862,0.5832903888003008
863,0.6801794565287085
864,0.6098614812240313
865,0.5680773857979456
866,0.5972345567808083
867,0.6339489832194378
868,0.5737043035990596
869,0.5768598246618035
870,0.5779762763486641
871,0.5805072141797245
872,0.5747734098155427
873,0.619664930813199
874,0.6427931074775668
875,0.6088369434265671
876,0.5471522443886884
877,0.6683113253530739
878,0.6290933596909477
879,0.6242991737338915
880,0.5621512037838682
881,0.6218244322410142
882,0.6134297523978094
883,0.6030541929479014
884,0.6762245370212182
885,0.5744910314502124
886,0.6352104596194935
887,0.5815737550853776
888,0.681378445710898
889,0.6471238071007722
890,0.6784380143126136
891,0.6075596581765117
892,0.6252985964246119
893,0.5924748826986089
894,0.5362831114312921
895,0.6061607539558793
896,0.6522804018359294
897,0.6591659183208048
898,0.7197117550005793
899,0.7273808839342606
900,0.6607717982463274
901,0.6326191603116275
902,0.6834142080473292
903,0.6036311911051366
904,0.5163025722566746
905,0.5671166298247167
906,0.5923731005828082
907,0.6664134809239997
908,0.7059416555250876
909,0.6432126353387645
910,0.6376825810825277
911,0.6445777455683489
912,0.6204197175543439
913,0.585163525418421
914,0.6249141409322838
915,0.686454456655411
916,0.6282763364017171
917,0.6940385850458591
918,0.5304512467240464
919,0.6377677963420672
920,0.6296706966921848
921,0.6837533765911599
922,0.659313323499618
923,0.6652036692107578
924,0.648797592922889
925,0.6886807452010274
926,0.5886738435667727
927,0.6709950379769424
928,0.6171938567897058
929,0.5794037238485398
930,0.6965830947982308
931,0.5744310078128303
932,0.550698874972466
933,0.6297110829152287
934,0.6242828125793779
935,0.5700208409910502
936,0.5871896034731964
937,0.6306260028015684
938,0.5789166997375821
939,0.5975194537387384
940,0.5954991429014247
941,0.6863202720751066
942,0.5935569880492753
943,0.6309152711266879
944,0.666944474456346
945,0.6368964964250938
946,0.6367724011301462
947,0.5774120766132945
948,0.6164978765403692
949,0.6121579601391998
950,0.6203237798497985
951,0.6112373052467462
952,0.6580930943066617
953,0.5368044894175378
954,0.5793337396196843
955,0.5827569877668177
956,0.6557601479442293
957,0.5994399673241128
958,0.5128070078470085
959,0.5330998653397834
960,0.6507011468544784
961,0.57736226661798
962,0.5738924047374089
963,0.6586569371503521
964,0.6004262651681004
965,0.5968073238518516
966,0.5836055004714509
967,0.6194771387569716
968,0.5719199823012774
969,0.6496902018726971
970,0.5943525171856517
971,0.5504881327590307
972,0.4691876168553313
973,0.6157105303285131
974,0.7379635477061638
975,0.5963533272787616
976,0.6360830439411501
977,0.6495671145998625
978,0.5882456210470908
979,0.6727995641378091
980,0.6131309417629077
981,0.6064241951733871
982,0.6050093874150962
983,0.5296217416099229
984,0.688927665593477
985,0.6049833937140572
986,0.6250061921050452
987,0.6180019638303996
988,0.6763351317829192
989,0.6623284227135443
990,0.6115274251490553
991,0.634060677956971
992,0.5983877204751011
993,0.6345851954563796
994,0.5639989804297308
995,0.6684603502440788
996,0.6009260104909362
997,0.6138413101129686
998,0.5884577356316592
999,0.5880290248263247
1000,0.5439007263456117
1001,0.6565207027776659
1002,0.6412377853792567
1003,0.6246243344335294
1004,0.6426300953605144
1005,0.7177891241285068
1006,0.6607973986114551
1007,0.6687629107130203
1008,0.5643509649428329
1009,0.6506237572770557
1010,0.5942219912878649
1011,0.6935258686159337
1012,0.6718538277674694
1013,0.6243245657165002
1014,0.6938932320439432
1015,0.5777882477296378
1016,0.6916319168082132
1017,0.6802840123763555
1018,0.6654595909765293
1019,0.6017737466418953
1020,0.7152182243678891
1021,0.560920232130717
1022,0.47913643210338797
1023,0.6139388409942884
1024,0.5921446302000386
1025,0.5191528902189176
1026,0.5687349571809123
1027,0.669969390857291
1028,0.5417602250898368
1029,0.6044125954700376
1030,0.6839601849628936
1031,0.68289799135301
1032,0.6232505563924613
1033,0.6247589462856591
1034,0.6217967960951073
1035,0.6144441694353039
1036,0.6569531016257864
1037,0.5914408626248185
1038,0.5866737580727689
1039,0.65318608829147
1040,0.623011084741915
1041,0.577058898620815
1042,0.5926962192552552
1043,0.5516896691107012
1044,0.5680734802782532
1045,0.652063310446373
1046,0.6227419312011103
1047,0.6115470964453705
1048,0.6064564049945224
1049,0.6193102841542056
1050,0.6034477009527108
1051,0.6295773053974373
1052,0.6395716151927394
1053,0.5497038533641394
1054,0.6802714657438494
1055,0.620128482242909
1056,0.5734607657439438
1057,0.6157317646851778
1058,0.6483041604530702
1059,0.5353530312812381
1060,0.5361661703737999
1061,0.6202305569380325
1062,0.5719585416303614
1063,0.6120103000521467
1064,0.6103467118736474
1065,0.48927580932648035
1066,0.6116122284495632
1067,0.6276663301665316
1068,0.5771475719734653
1069,0.5876116904172326
1070,0.5596515802232878
1071,0.6578581677771415
1072,0.5724503293727652
1073,0.644966003444877
1074,0.6025737575808724
1075,0.6650938137852023
1076,0.6329250541717762
1077,0.6373691695479693
1078,0.5492966847962116
1079,0.6226842202989513
1080,0.5902975991656354
1081,0.5982232749991232
1082,0.6879283409086895
1083,0.5814493291301095
1084,0.5359556087717128
1085,0.6108809952991945
1086,0.5711503891799956
1087,0.6026042533508026
1088,0.5661368440968544
1089,0.6169014115130848
1090,0.5973928529288437
1091,0.5999049550607677
1092,0.5739839137771423
1093,0.648462870421961
1094,0.5279229362175468
1095,0.6062685873253245
1096,0.5983466262311105
1097,0.5946600734706093
1098,0.6021037502753532
1099,0.5587650184096218
1100,0.6290181661924124
1101,0.6119516840146426
1102,0.560544048847587
1103,0.588166562964684
1104,0.5910866161636538
1105,0.5065871078459432
1106,0.5906508312957311
1107,0.6587070378296438
1108,0.534007744747328
1109,0.6138547102105629
1110,0.5553430215457428
1111,0.5997702461794515
1112,0.5713889357561067
1113,0.5904233417614675
1114,0.5639149255296787
1115,0.5616333759742748
1116,0.5518128601372922
1117,0.5782038565943926
1118,0.5389798017836841
1119,0.5551936557024745
1120,0.6385148787645649
1121,0.5509591769230986
1122,0.6437095220484791
1123,0.5273467467902027
1124,0.6452387370583991
1125,0.6764828784501448
1126,0.6200890751267452
1127,0.5623560215948252
1128,0.517101908107561
1129,0.606127749213953
1130,0.5947724172631562
1131,0.6448571969674992
1132,0.56557329517278
1133,0.6034451961552582
1134,0.6794606533704551
1135,0.6344081771281843
1136,0.645292602050183
1137,0.6030308981700401
1138,0.6320547505779552
1139,0.6731970726566889
1140,0.5332190055022685
1141,0.6169242926559346
1142,0.6655692071872755
1143,0.5924721043140037
1144,0.6230667774104495
1145,0.5270157180170362
1146,0.6365728621717599
1147,0.5773288662591483
1148,0.5712123995367488
1149,0.6087642322215578
1150,0.6276439284467963
1151,0.5740876176789236
1152,0.7372473622331169
1153,0.662550377493224
1154,0.7738200347105115
1155,0.6877887131689439
1156,0.6442521688678668
1157,0.6003315967655519
1158,0.6267483423850365
1159,0.6151322732938854
1160,0.5907409012904181
1161,0.6393781013764511
1162,0.6054516257150169
1163,0.5937426332307465
1164,0.6348787481957695
1165,0.6786194310399227
1166,0.6480140923133542
1167,0.609312442067906
1168,0.7218231341315803
1169,0.595917574789514
1170,0.5571881910140278
1171,0.6597164003519517
1172,0.6295292340590514
1173,0.6106885011389024
1174,0.6039032661480829
1175,0.6689059073039795
1176,0.5982893208558258
1177,0.5955005849875123
1178,0.5483641186169446
1179,0.5972644951511137
1180,0.6996820919097867
1181,0.6564476705934532
1182,0.6617686401407762
1183,0.6470922793186981
1184,0.6356354122106614
1185,0.6278591612992401
1186,0.6662958940271392
1187,0.5506880963173011
1188,0.609901541227636
1189,0.6551054375670092
1190,0.627124295762918
1191,0.5440060534360593
1192,0.6460055299508279
1193,0.6343471143410363
1194,0.6658683154605529
1195,0.5759359304662067
1196,0.6168268796763692
1197,0.509006038725931
1198,0.6850602510616707
1199,0.6431715667838084
1200,0.6876478182883352
1201,0.6414460655011386
1202,0.641562655525775
1203,0.6298407215257009
1204,0.6306417387678743
1205,0.5803449608452055
1206,0.6590201139941189
1207,0.5553595578875232
1208,0.642356515399789
1209,0.6530496495905609
1210,0.5834365499506186
1211,0.6422081188790828
1212,0.6178855345244237
1213,0.6223531374989115
1214,0.6052042414678932
1215,0.6038010326657911
1216,0.6354883497149236
1217,0.5929516627194846
1218,0.6107459223772724
1219,0.5875984628118398
1220,0.5926023779625573
1221,0.6712267826203536
1222,0.5514058903223357
1223,0.5655035068727331
1224,0.6290399689545165
1225,0.662929307308914
1226,0.6169436036856084
1227,0.6281518651116074
1228,0.5498541306580211
1229,0.557373599649759
1230,0.6397064246122689
1231,0.5980719254406178
1232,0.5725974449164343
1233,0.6823225564710695
1234,0.6254725365044606
1235,0.6261170537956415
1236,0.6207226079644864
1237,0.5417720346261372
1238,0.5915106787230511
1239,0.6494482886757819
1240,0.6401387785961454
1241,0.5996985832738377
1242,0.6251364343234634
1243,0.6612482334600313
1244,0.5947247767454773
1245,0.6146030045495754
1246,0.6441050791050285
1247,0.6121934987773336
1248,0.58801577721689
1249,0.5581549926507267
1250,0.63844410537459
1251,0.589078212058212
1252,0.710828300937938
1253,0.6264853558156936
1254,0.6582882630372411
1255,0.6463536224287273
1256,0.6477635077435057
1257,0.600986734413401
1258,0.6121697366092681
1259,0.572979166709327
1260,0.5797051984339938
1261,0.6629659524137042
1262,0.6684830243556928
1263,0.6376534411556478
1264,0.6593792686080155
1265,0.629419143579653
1266,0.5939069222347793
1267,0.6190166210982525
1268,0.6810538358757472
1269,0.6408254381763954
1270,0.6315545790533125
1271,0.5898953217313825
1272,0.722953714508964
1273,0.6625797659232399
1274,0.713192091899579
1275,0.6972583035929931
1276,0.6268266974329288
1277,0.6446752380102917
1278,0.732313443217324
1279,0.6186491816143095
1280,0.6725042948865293
1281,0.607630451504834
1282,0.5744108345816719
1283,0.5828877398213127
1284,0.6697424292351059
1285,0.5961406979303003
1286,0.5962878256421805
1287,0.6578313447944893
1288,0.6348441428812382
1289,0.6767638971994634
1290,0.6736968972712031
1291,0.6044504822369667
1292,0.5325424251204187
1293,0.6892083980473555
1294,0.6687074776195376
1295,0.6689680472733941
1296,0.6017639149628055
1297,0.5724847171851919
1298,0.6088209295700551
1299,0.6248327967035496
1300,0.5593203951265704
1301,0.6346500219533326
1302,0.609400391218559
1303,0.6536312625527831
1304,0.580418583065608
1305,0.6616305304180404
1306,0.6070148083315943
1307,0.653146764960286
1308,0.6109854049048887
1309,0.6911652217915715
1310,0.6483770689894247
1311,0.577439413830452
1312,0.7050617384664948
1313,0.5938356916936819
1314,0.5287997344276552
1315,0.6025265963738259
1316,0.5973233830857013
1317,0.5979165222466434
1318,0.595454306041582
1319,0.6018831121795043
1320,0.5757066771969059
1321,0.6629583911925191
1322,0.6002615633554077
1323,0.5928115412268575
1324,0.5510957517658968
1325,0.6843250930751203
1326,0.5988850041814423
1327,0.6918940561328784
1328,0.6799389281494866
1329,0.6018182139156715
1330,0.6820882534947492
1331,0.5351995110906477
1332,0.5857450637141507
1333,0.5428306947711917
1334,0.6185702441325557
1335,0.6519141326491987
1336,0.6052464228045321
1337,0.6123090942237255
1338,0.5892758380896576
1339,0.606083792188532
1340,0.6609656211545516
1341,0.6143991011321736
1342,0.6493470589806135
1343,0.6082808305681259
1344,0.6053802531039024
1345,0.623991314047469
1346,0.5753893689732809
1347,0.6747854862336932
1348,0.6201504304061382
1349,0.5843907496939589
1350,0.6953374230630464
1351,0.7480879480518605
1352,0.6500611295981862
1353,0.6296389864332422
1354,0.6207347590122579
1355,0.7070097322113936
1356,0.697006421205825
1357,0.5992974899477329
1358,0.658590260398279
1359,0.6219832067820239
1360,0.6596229393617467
1361,0.6322098931119187
1362,0.788529439961496
1363,0.5919886396996076
1364,0.6567748360596589
1365,0.6415918097611519
1366,0.6329548825506693
1367,0.5945844830947837
1368,0.6447641503230207
1369,0.609590127317954
1370,0.5862595725038268
1371,0.6774905801204725
1372,0.655775242320479
1373,0.6240945822090456
1374,0.5327712791692852
1375,0.57184525113152
1376,0.6948101652630971
1377,0.5446307418926146
1378,0.628715621675422
1379,0.6045196725999152
1380,0.5788503150038155
1381,0.5664370913455304
1382,0.6792813808149818
1383,0.6405653037965711
1384,0.5706803909270071
1385,0.6153838844999714
1386,0.6143963448228833
1387,0.5898359086330128
1388,0.5935080357838717
1389,0.6460679497006887
1390,0.717084141586708
1391,0.6030133129846997
1392,0.6067764680927675
1393,0.578227377939293
1394,0.6157625968064303
1395,0.6995237216542881
1396,0.654806196220695
1397,0.6321685206369737
1398,0.5321400238681636
1399,0.6214420806875895
1400,0.5650439287921762
1401,0.5883173769483696
1402,0.5882578078083619
1403,0.543275710399326
1404,0.6372929379976437
1405,0.5572245613960287
1406,0.562113537347195
1407,0.6266220636030958
1408,0.5977925174658608
1409,0.6252640901597595
1410,0.5784174670471396
1411,0.6351063749804893
1412,0.7345980630904608
1413,0.6183569888069884
1414,0.6623963514788203
1415,0.5921428166940438
1416,0.5568820394763195
1417,0.5858302734758507
1418,0.5392697708068939
1419,0.6133043569307436
1420,0.606808012024816
1421,0.5446002526570816
1422,0.5944638853857945
1423,0.5648018904022449
1424,0.5309505676260899
1425,0.6038129028346516
1426,0.6728132883253022
1427,0.636289553167749
1428,0.6111581495938498
1429,0.617916462991682
1430,0.6138883625866252
1431,0.563089111324836
1432,0.6357764512290713
1433,0.6163059982382164
1434,0.5501980196637224
1435,0.480095098916599
1436,0.6352566969572768
1437,0.7189166992071856
1438,0.6576431464093292
1439,0.6023398398237028
1440,0.647702472842318
1441,0.6598745375928727
1442,0.6434043516372935
1443,0.6583179092841038
1444,0.6441982974973479
1445,0.7325054461977045
1446,0.6190099191061925
1447,0.5870177741668521
1448,0.587560148509236
1449,0.649150925863347
1450,0.6651319482324506
1451,0.7012666276266631
1452,0.548057346577787
1453,0.5817985741075148
1454,0.5817129699747329
1455,0.5729599529952519
1456,0.6513520284089723
1457,0.5684366295028024
1458,0.60917016049238
1459,0.6774929582953255
1460,0.6861925845483466
1461,0.6108814526390414
1462,0.5977709767861207
1463,0.6863851164891221
1464,0.581056648227363
1465,0.6121122074856925
1466,0.6369613225719638
1467,0.61557427457059
1468,0.6852043579504549
1469,0.7196669396895126
1470,0.7063918322028649
1471,0.6601874899316974
1472,0.6292748296773713
1473,0.5934317588779537
1474,0.6461216756391748
1475,0.6250781697794033
1476,0.6030122948563124
1477,0.6433365111034617
1478,0.5975247764944421
1479,0.6949567526253831
1480,0.6507830809047127
1481,0.5696049589395671
1482,0.6017679095101509
1483,0.6063616419894097
1484,0.6069687059341853
1485,0.64336683939121
1486,0.5020009218553336
1487,0.5567462756156099
1488,0.5500250418267371
1489,0.620344131245424
1490,0.6568879903915495
1491,0.6098246114663888
1492,0.49425423912128946
1493,0.5978194683030519
1494,0.6858602817653896
1495,0.624528348777977
1496,0.6130506496895043
1497,0.5809029136439873
1498,0.6132675065715268
1499,0.6353990748604117
1500,0.5912467035218176
1501,0.6259800717753944
1502,0.6015124767926804
1503,0.570340039488465
1504,0.6870916060401668
1505,0.5956959287522189
1506,0.6208559275728017
1507,0.5926471216313228
1508,0.6100943535221696
1509,0.6425803253094502
1510,0.5858928932037376
1511,0.5000566782461286
1512,0.641534033475204
1513,0.6080821866503071
1514,0.5615436574217365
1515,0.7098584616808634
1516,0.6135686567188039
1517,0.6360186013105799
1518,0.6046778077469714
1519,0.6471304111142032
1520,0.5518828557021483
1521,0.6745417832859519
1522,0.6729515239206668
1523,0.534994251535766
1524,0.6776690634385486
1525,0.6550838398083699
1526,0.643187622746433
1527,0.649111482864366
1528,0.6364172142123968
1529,0.6073931084854576
1530,0.6547026957432425
1531,0.6588701301158095
1532,0.6153811070980275
1533,0.6633994988785265
1534,0.6546482500824358
1535,0.5773630343424947
1536,0.5842431523701871
1537,0.5750519205668315
1538,0.6137833587771246
1539,0.6256801996687902
1540,0.5964246829918995
1541,0.6771213077898953
1542,0.6263869852823567
1543,0.5444839264367208
1544,0.64648933775774
1545,0.6013602654096984
1546,0.6128073859361828
1547,0.5484975145987248
1548,0.6399414063315328
1549,0.5414100556022569
1550,0.5578418526830826
1551,0.6428880765013738
1552,0.6751939039770525
1553,0.6160893332151902
1554,0.6007608830328156
1555,0.6090737287137539
1556,0.6132213946564682
1557,0.5974492367601276
1558,0.5704650377765567
1559,0.6724036336849235
1560,0.5383785999122973
1561,0.6618027638043974
1562,0.7039331925119291
1563,0.6384861817973654
1564,0.6697509252916547
1565,0.6357265808534903
1566,0.6252133684877884
1567,0.6256756645054834
1568,0.5976664093872497
1569,0.6884515576570083
1570,0.5791540149995761
1571,0.593573070371283
1572,0.6362473166612965
1573,0.5368501899887348
1574,0.5693859260174077
1575,0.5869515489176582
1576,0.6133459564627669
1577,0.6150231167671771
1578,0.5953791147238945
1579,0.5978529533351535
1580,0.6215814940331388
1581,0.6264688010919859
1582,0.5161740433634248
1583,0.6030927669228257
1584,0.592286833154415
1585,0.5545433707823437
1586,0.5837381969747985
1587,0.6962655191896988
1588,0.678562261781983
1589,0.6724808164010979
1590,0.6094421167207895
1591,0.6161370818977114
1592,0.6960560439589395
1593,0.6267058585268851
1594,0.6125221282232033
1595,0.610010308734649
1596,0.5806094238162801
1597,0.6562971008379079
1598,0.6148416346981823
1599,0.6218745782590578
1600,0.58970649672231
1601,0.6208201692505189
1602,0.6212337393360234
1603,0.5475584581737738
1604,0.6623861291768446
1605,0.6034039488034053
1606,0.5832850482448471
1607,0.6805638088032072
1608,0.587251124567055
1609,0.6241854351733516
1610,0.6056114226674002
1611,0.6280209721287009
1612,0.6888661385627008
1613,0.604656342279812
1614,0.6787457975884227
1615,0.5501952586904519
1616,0.6832005474739187
1617,0.716940561641904
1618,0.6302039311488793
1619,0.5791646212702873
1620,0.6175969248464896
1621,0.6805533436542887
1622,0.5725991035438248
1623,0.6113106420342366
1624,0.6707669338506994
1625,0.638162451265974
1626,0.6275662917565863
1627,0.5551187093463507
1628,0.6246011787705533
1629,0.6270719706950528
1630,0.557833098451217
1631,0.5946580249099239
1632,0.5980597721096328
1633,0.6513873034982083
1634,0.6652140744222066
1635,0.6055771838975254
1636,0.5594565053432794
1637,0.628485920368538
1638,0.6661939422281111
1639,0.6743518616452888
1640,0.6668526190246822
1641,0.5871830353663189
1642,0.6476389573470982
1643,0.5441318364361598
1644,0.5869092567891255
1645,0.6394261847021832
1646,0.5692234735355891
1647,0.6436915828553432
1648,0.6122433759839594
1649,0.6339559590169411
1650,0.638943685087821
1651,0.6345248075625548
1652,0.6353084978549063
1653,0.6554850942298177
1654,0.5884715154631003
1655,0.5941864623171509
1656,0.5336677873141124
1657,0.6410046448697626
1658,0.6869139023951231
1659,0.6650228193484448
1660,0.6320362266156755
1661,0.6560679674085728
1662,0.5878591753267544
1663,0.62143907910689
1664,0.5771471441472736
1665,0.6665334799381963
1666,0.6317809917878455
1667,0.6212206236473401
1668,0.6850486123152234
1669,0.6613135297612475
1670,0.6944408259519714
1671,0.6059398267408552
1672,0.5754452390671798
1673,0.6808475240518164
1674,0.6401871744897326
1675,0.6203268744503816
1676,0.5764254245750818
1677,0.6261653249138174
1678,0.6452831270600936
1679,0.5679136584348763
1680,0.5568649868433172
1681,0.5167172929694795
1682,0.6394783775618351
1683,0.6742759963979565
1684,0.6812147328672232
1685,0.6009600949429769
1686,0.6431332056000396
1687,0.5578752679609962
1688,0.6870799150254853
1689,0.6019365716015127
1690,0.5804654681881573
1691,0.5351651761185472
1692,0.6253649676509107
1693,0.5380959386543576
1694,0.5718915959036677
1695,0.5638765318385246
1696,0.6423262196795061
1697,0.6204397792649835
1698,0.6991517594311892
1699,0.5432398083112443
1700,0.6531035917227428
1701,0.5575243925502175
1702,0.6028145243751332
1703,0.654867332622048
1704,0.5555923271648315
1705,0.5162760925921603
1706,0.6386962769639626
1707,0.6639359324516054
1708,0.6546840523199955
1709,0.5761596883680411
1710,0.6726261065470382
1711,0.6979786181664118
1712,0.6161289001923796
1713,0.561603166051814
1714,0.618779908128537
1715,0.5894091852691484
1716,0.6196428984516777
1717,0.6513431520157521
1718,0.6068552569039712
1719,0.5827607826516501
1720,0.634996286627272
1721,0.694514945369636
1722,0.6023968817080103
1723,0.6609563870359619
1724,0.6462152253474872
1725,0.6886908736495996
1726,0.5899749425059124
1727,0.6857494231362044
1728,0.6153403410531074
1729,0.5922100987857338
1730,0.6177563328000679
1731,0.6438009248214854
1732,0.5854229200347404
1733,0.6312861799503255
1734,0.5363580365482261
1735,0.64796378376351
1736,0.6768499522083934
1737,0.6025589157579428
1738,0.6055056451986907
1739,0.6409329198914002
1740,0.5849754799155188
1741,0.6834543818874513
1742,0.6991563477585716
1743,0.636822172851944
1744,0.6878690130050471
1745,0.6150258517190251
1746,0.7031725690803572
1747,0.6176992237335378
1748,0.5968232262167529
1749,0.5987461512176765
1750,0.6753065514236475
1751,0.6907129929608375
1752,0.6861722818812958
1753,0.6053244750721894
1754,0.613690166047097
1755,0.6708505949360755
1756,0.6387480870303789
1757,0.6954648035368796
1758,0.603076477954418
1759,0.6245862842173475
1760,0.6351284165025828
1761,0.5687267613141208
1762,0.5456166659011918
1763,0.5713677391599935
1764,0.6965870436866551
1765,0.6399858806043051
1766,0.587118418016571
1767,0.5902032563919493
1768,0.5802738202841984
1769,0.6672800049993698
1770,0.6694913620447028
1771,0.7234711552178151
1772,0.6605429017778975
1773,0.690435960754119
1774,0.6025150718659806
1775,0.6587852660109799
1776,0.5787390045892696
1777,0.5508309457849184
1778,0.6223003283055981
1779,0.5888142501323179
1780,0.5456377062438788
1781,0.7116725745209874
1782,0.6040351355295132
1783,0.5984939495710565
1784,0.6459260808287257
1785,0.6578826521028996
1786,0.5979458016107511
1787,0.6118487175857193
1788,0.6804342894922791
1789,0.6280303806623609
1790,0.6445695600289864
1791,0.6213993744417017
1792,0.6441349154083268
1793,0.5865318291128093
1794,0.6282707744853553
1795,0.6726783240492231
1796,0.6353665735263943
1797,0.6063571755956066
1798,0.6076116238768651
1799,0.6741389133814857
1800,0.5982794716280441
1801,0.6418244548322393
1802,0.5824834215608561
1803,0.5888932107352599
1804,0.6693983408291916
1805,0.6513676138499062
1806,0.6943875132075532
1807,0.6360558933181244
1808,0.5097090663104514
1809,0.5674679566256247
1810,0.663129177635792
1811,0.5612112586235447
1812,0.6693978922307516
1813,0.6143778375393317
1814,0.6790222638115808
1815,0.5864368848704784
1816,0.6725554744639873
1817,0.7324400772573589
1818,0.6189435318658737
1819,0.6146368121067927
1820,0.5283771441482331
1821,0.6260096499866924
1822,0.6306402925194025
1823,0.5903921259471273
1824,0.7149204218956801
1825,0.5986346749353852
1826,0.5950511393939061
1827,0.6150752525936278
1828,0.5351660341991684
1829,0.6377799108808136
1830,0.6132041265619121
1831,0.5902547660158556
1832,0.6567955073828206
1833,0.6605692673659955
1834,0.6247054194347519
1835,0.6386012854212968
1836,0.629671728882891
1837,0.5416793303193811
1838,0.6373241271601651
1839,0.6181046470650124
1840,0.6103589681259372
1841,0.6594649398853842
1842,0.6242923046485899
1843,0.6471977705677838
1844,0.5733862597121524
1845,0.5553763199692591
1846,0.6158393344877756
1847,0.6557030292682573
1848,0.6943630167404068
1849,0.594301540604683
1850,0.6060784881780493
1851,0.6400292975684774
1852,0.6303651856984616
1853,0.5974845774717723
1854,0.6605962354246685
1855,0.6568126343797712
1856,0.6588925772217002
1857,0.5923243612318624
1858,0.6408919207219705
1859,0.7400733329711742
1860,0.5925208017006423
1861,0.6754994446892658
1862,0.6443930487603902
1863,0.5924599220770691
1864,0.6238769341252751
1865,0.6694079182640337
1866,0.6987602860235422
1867,0.6834662788091991
1868,0.6002258232917956
1869,0.6252794776080723
1870,0.6115021998392385
1871,0.6402557031209833
1872,0.6048414050234973
1873,0.5696987949879804
1874,0.5971420621514277
1875,0.6025396815535505
1876,0.6142205833185849
1877,0.6222467620266088
1878,0.6763475056598827
1879,0.7422313426671566
1880,0.5705226994552904
1881,0.5560237154211403
1882,0.6542075699489742
1883,0.6314018581995426
1884,0.6416224347647838
1885,0.640688904178091
1886,0.7081177299261031
1887,0.6351553813736331
1888,0.676504406930908
1889,0.6480155596742148
1890,0.6352864872395773
1891,0.6967940243169113
1892,0.6075359692849119
1893,0.6333139410302536
1894,0.646837320623172
1895,0.5772680174627304
1896,0.5290410492048596
1897,0.71114564439636
1898,0.6004338667312915
1899,0.6156248036530774
1900,0.6985024474055984
1901,0.6336386231010694
1902,0.6420598204691167
1903,0.5965955690068661
1904,0.6665967114892439
1905,0.6121402597639605
1906,0.6907740696478034
1907,0.6267610595160573
1908,0.6739668748987119
1909,0.7369265684070316
1910,0.7048979098310494
1911,0.6119796977112819
1912,0.6207007742675128
1913,0.7135640295481707
1914,0.565731267848945
1915,0.6205781201227573
1916,0.6044752476896232
1917,0.6619631677020262
1918,0.701565649912539
1919,0.7243799546796322
1920,0.6863554627970744
1921,0.6862465684801485
1922,0.6000220890011075
1923,0.6052922691674621
1924,0.626850671648675
1925,0.7087235573724842
1926,0.6081645594330165
1927,0.578149769293114
1928,0.6083177911547721
1929,0.5757651328999961
1930,0.660805500466667
1931,0.6796223229176964
1932,0.648314769589527
1933,0.5567119129214887
1934,0.6398884536293701
1935,0.5499512744183674
1936,0.5779790300691079
1937,0.5267300076579108
1938,0.6403221676081262
1939,0.6005718630437783
1940,0.6376484393851086
1941,0.6343379293431233
1942,0.6341184054917564
1943,0.6027088235576123
1944,0.6069460411053166
1945,0.591116089675521
1946,0.5802970798328194
1947,0.6376672441129794
1948,0.566445702448473
1949,0.6502127710165962
1950,0.613718313851233
1951,0.541241431651891
1952,0.7085609429267185
1953,0.699369729717967
1954,0.5923016821114644
1955,0.6614158803229033
1956,0.6160762857572754
1957,0.7453879938743738
1958,0.6738374687842074
1959,0.6963805802917006
1960,0.5391396564601159
1961,0.6267435730480654
1962,0.5710520420205976
1963,0.683973472492293
1964,0.6163273450951863
1965,0.6049196771648077
1966,0.6049851135076787
1967,0.5643091119679294
1968,0.6233634254020672
1969,0.664978635742791
1970,0.6222371200024406
1971,0.5945707270812348
1972,0.5650828673834158
1973,0.5927257246498926
1974,0.5451080503613388
1975,0.6305619689993885
1976,0.6779880187310154
1977,0.5820580577003233
1978,0.6744961011283731
1979,0.5581503152263753
1980,0.6261023998726738
1981,0.6556582404529102
1982,0.6035009040931216
1983,0.6508022513029477
1984,0.5318073283181912
1985,0.5564683557077656
1986,0.6488339066281595
1987,0.5735589981467953
1988,0.5633280238920078
1989,0.6691015150116368
1990,0.5503655427253724
1991,0.6579152040225027
1992,0.6498295114552783
1993,0.5817600228641306
1994,0.548158510899778
1995,0.6696724292986272
1996,0.7005563012088035
1997,0.6177614838045055
1998,0.6376831053538734
1999,0.5956342441169498
2000,0.534034188732828
2001,0.6276857542746217
2002,0.6658821387434037
2003,0.7050992387630443
2004,0.5737215128409368
2005,0.5737871928251365
2006,0.5768477152693287
2007,0.6304251137333313
2008,0.6598890065290215
2009,0.7216780936325692
2010,0.6267116586488146
2011,0.6812451828845139
2012,0.5686316452225083
2013,0.6227370081426659
2014,0.5730184424523209
2015,0.5261868901797332
2016,0.73937545300844
2017,0.6750305665770457
2018,0.6056988357212717
2019,0.5085518349414035
2020,0.6713238808166564
2021,0.6018754809932559
2022,0.60898333471802
2023,0.6600344488016257
2024,0.5863925618426038
2025,0.6156401711701658
2026,0.6504856519758444
2027,0.6115336014109876
2028,0.6188181074505169
2029,0.6164112672088318
2030,0.5922800965404738
2031,0.6590170943255064
2032,0.5807266822766374
2033,0.5887520833566713
2034,0.6101363256371802
2035,0.6049560447114646
2036,0.5747117022706256
2037,0.674386734544825
2038,0.603684986689136
2039,0.716390718983165
2040,0.5898274753867028
2041,0.6071367255886423
2042,0.6114372187993864
2043,0.6438888101208664
2044,0.6948613571185115
2045,0.5471895999988463
2046,0.6235085087834372
2047,0.6964453958654306
2048,0.6545864916417052
2049,0.6110251876978449
2050,0.6575685453066928
2051,0.6334761952066061
2052,0.555547544402126
2053,0.647902990944647
2054,0.6424250448662465
2055,0.5961763079039091
2056,0.7334784965904982
2057,0.5429134211039931
2058,0.6714431442889851
2059,0.6073837347515211
2060,0.6199782491603837
2061,0.5803744878195709
2062,0.5633528805517074
2063,0.6208744506306852
2064,0.6602365230534387
2065,0.6225513479108168
2066,0.67860126363033
2067,0.7274809933792572
2068,0.7103212595711481
2069,0.6054017262707375
2070,0.6588810419201271
2071,0.7002921828576822
2072,0.5783886247627448
2073,0.6206448979297806
2074,0.6004991059032683
2075,0.6049211659866559
2076,0.6327694923449675
2077,0.6497877658285431
2078,0.5822265653779037
2079,0.5851451804314236
2080,0.6044411426258197
2081,0.647311399769438
2082,0.5139776893354734
2083,0.7410742567411979
2084,0.5770016714621629
2085,0.5661983932295019
2086,0.6032439969545194
2087,0.6502992981036213
2088,0.6343213023719529
2089,0.6284811445291808
2090,0.5902736317792048
2091,0.6955347623076229
2092,0.5627649452841286
2093,0.5726537100107191
2094,0.6342738467668242
2095,0.6048438990227627
2096,0.5653983812840655
2097,0.6187205789747433
2098,0.614420305650421
2099,0.6594985523811814
2100,0.675050030874948
2101,0.6976349483747238
2102,0.6648177522600222
2103,0.6462911742112124
2104,0.6024063816143759
2105,0.5823847731802653
2106,0.5889738992505368
2107,0.5856202857737807
2108,0.6510407594052944
2109,0.6946354835486629
2110,0.6350319028996051
2111,0.5798821925057088
2112,0.6105358775587374
2113,0.643649574861582
2114,0.6305300628832765
2115,0.674188319043455
2116,0.634379149013635
2117,0.6502311341736571
2118,0.6472954033086527
2119,0.7337162393262696
2120,0.6465551187447341
2121,0.6682472763790857
2122,0.57345444267389
2123,0.6394463748520106
2124,0.6072711549240382
2125,0.640334638172883
2126,0.6704259043497358
2127,0.7219087009378655
2128,0.6361437717319858
2129,0.6204795851542992
2130,0.7551310078442331
2131,0.614917301515637
2132,0.5737547075750318
2133,0.6566456540725845
2134,0.6772145029034753
2135,0.5248572364094112
2136,0.6660143549274526
2137,0.6881399527199912
2138,0.6636768350386371
2139,0.504890343981511
2140,0.6697434626544251
2141,0.6265435911806523
2142,0.5093392553670323
2143,0.6454336519217903
2144,0.5442065853654482
2145,0.5831270113397974
2146,0.5869777930704193
2147,0.6119083544762747
2148,0.6104573416588819
2149,0.627643234761831
2150,0.4985298728546485
2151,0.5164156287283818
2152,0.6220607221487833
2153,0.7020157601163605
2154,0.5971792156696712
2155,0.6054881405968209
2156,0.6084285367404998
2157,0.705204098438463
2158,0.601619186733133
2159,0.6214335323548779
2160,0.6249667496750559
2161,0.6678635200169655
2162,0.6357455041297039
2163,0.7014083002373175
2164,0.6525472078521175
2165,0.6066959353068803
2166,0.5273414068573112
2167,0.5251149812241807
2168,0.615502568758377
2169,0.6766114202834234
2170,0.6239815112404545
2171,0.6228407307390179
2172,0.624460436525745
2173,0.6107859890901723
2174,0.5372835698228187
2175,0.6284997681338617
2176,0.6353312464410509
2177,0.6251116839772167
2178,0.5469842773777772
2179,0.5609078061185676
2180,0.5924166011110147
2181,0.6631367434241991
2182,0.6230907160023629
2183,0.5947466785059106
2184,0.6609736302417671
2185,0.612962400618198
2186,0.6300258710748011
2187,0.6480385365205248
2188,0.5781891187482981
2189,0.6955448661297434
2190,0.5987626570269112
2191,0.6174136933241972
2192,0.6112263477482099
2193,0.6456859733101848
2194,0.6825185275262112
2195,0.6432804782966909
2196,0.5772402206535713
2197,0.6086455845198193
2198,0.613807359844523
2199,0.6545973644532427
2200,0.6610774345554635
2201,0.6328311800359113
2202,0.6766298047622746
2203,0.5979886936877526
2204,0.7285671730382854
2205,0.6365883669498981
2206,0.6846777766071189
2207,0.6965084665856557
2208,0.646263370423232
2209,0.6735113495421307
2210,0.6877640517246789
2211,0.570276340611566
2212,0.6444309907210863
2213,0.5822669894074265
2214,0.6067417463893007
2215,0.6739009044224897
2216,0.5993557402704182
2217,0.6415990872457398
2218,0.5957110569358048
2219,0.6043934892139426
2220,0.6033443876437826
2221,0.6561830651697836
2222,0.6639974863901067
2223,0.6016642614221677
2224,0.6106034519603398
2225,0.6474074410995264
2226,0.6106110317445483
2227,0.5923631440671168
2228,0.6764573293180334
2229,0.5578097815512657
2230,0.6356678300549318
2231,0.6784198750446554
2232,0.6211488383639974
2233,0.618634129465837
2234,0.649002748546588
2235,0.653322830887486
2236,0.5508417486752705
2237,0.5636642754168593
2238,0.7216475773581901
2239,0.6273246589790409
2240,0.5415158262558478
2241,0.6216042804016765
2242,0.5290757587963992
2243,0.5996675818490914
2244,0.6570524439618792
2245,0.6932207571807032
2246,0.6686209849701531
2247,0.5580629196537784
2248,0.5694455228972926
2249,0.632592106297902
2250,0.6591326877027686
2251,0.5943216049354065
2252,0.5702817661885122
2253,0.5454824532748722
2254,0.6218691143595628
2255,0.7141780168821709
2256,0.6384263050381331
2257,0.5663695515265819
2258,0.6821068935251949
2259,0.5027145074643031
2260,0.5892121821380242
2261,0.6629967328974233
2262,0.6350901914278498
2263,0.5248161658189514
2264,0.609777115129596
2265,0.6132423767145871
2266,0.664315313247989
2267,0.6158940748004581
2268,0.6684650346867523
2269,0.5984003500254462
2270,0.6214704194451816
2271,0.6425032774765549
2272,0.6052663128454341
2273,0.6279540238864619
2274,0.6133804421939975
2275,0.5961001890485133
2276,0.6079569408820457
2277,0.6727611191352794
2278,0.6677058598979252
2279,0.6183316929756337
2280,0.6726753893352686
2281,0.6823932637521917
2282,0.6658326249317575
2283,0.6328816455322921
2284,0.5859024031131977
2285,0.6223112516380956
2286,0.7089815436265193
2287,0.58775680291347
2288,0.5581149844574235
2289,0.5170422145918011
2290,0.6466389051273999
2291,0.5780227640756106
2292,0.6908648556551681
2293,0.5881156153173354
2294,0.6501499643952086
2295,0.6033413453835667
2296,0.624324766091961
2297,0.5973558453137492
2298,0.6495845033581551
2299,0.5690218273763947
2300,0.5950307224868463
2301,0.6725731795646083
2302,0.5675722596319287
2303,0.6578849397257176
2304,0.5762991759281263
2305,0.6314742516044509
2306,0.6350766114606756
2307,0.5719675733350215
2308,0.6282529447767531
2309,0.6501692147987252
2310,0.6917565242799892
2311,0.604380509881227
2312,0.6804917649135149
2313,0.6485892924852317
2314,0.713316451587993
2315,0.647668663307944
2316,0.5758769091882749
2317,0.587411127979844
2318,0.6216487353806548
2319,0.6052547030109153
2320,0.6802722831430605
2321,0.6174499303719226
2322,0.6910507805633292
2323,0.5811881203105161
2324,0.6533591188853751
2325,0.6419831377435419
2326,0.5137890388608376
2327,0.5655971361379155
2328,0.6436263736450669
2329,0.5851912021702278
2330,0.6273222812071141
2331,0.6204502685622171
2332,0.6126027788865261
2333,0.684356672008341
2334,0.6245183849608105
2335,0.5833845361923925
2336,0.5362388693092521
2337,0.5965958122301012
2338,0.628999116283392
2339,0.5346478250346963
2340,0.566375765760478
2341,0.6189440364378638
2342,0.5994581480501292
2343,0.5699101543705047
2344,0.6257770576409514
2345,0.6941213900631875
2346,0.6415108978716888
2347,0.6352774116906681
2348,0.6306113011529818
2349,0.5782602787908588
2350,0.596215407221462
2351,0.5692351094721685
2352,0.6947101272899268
2353,0.6640579683080048
2354,0.5880320335205392
2355,0.7521186990770081
2356,0.7151949263072882
2357,0.6728668257422266
2358,0.6249853756362423
2359,0.610100016993823
2360,0.6650433431656368
2361,0.7020549139221159
2362,0.6644615583395218
2363,0.5789224165507554
2364,0.6612423117530689
2365,0.6293508203141295
2366,0.6502544271822848
2367,0.6667432092905519
2368,0.5515769120854184
2369,0.6307222533866917
2370,0.6726744053258564
2371,0.6980759347124886
2372,0.6259893374070401
2373,0.5765672740489926
2374,0.587078899485072
2375,0.6613301572400208
2376,0.7578847884631478
2377,0.6138634169395776
2378,0.5727320786859165
2379,0.6296904968390781
2380,0.7357079679147266
2381,0.6486464606378308
2382,0.6899635472287217
2383,0.6522335112600675
2384,0.6808358899692084
2385,0.6471275617153743
2386,0.5610905966251478
2387,0.6120643133199757
2388,0.613293622366895
2389,0.5689721775170495
2390,0.6695667124931158
2391,0.5642126943649142
2392,0.580135062071704
2393,0.6289932323724831
2394,0.6146230223116599
2395,0.5951970829845163
2396,0.6404886316570749
2397,0.6530789103446253
2398,0.6178786894243739
2399,0.5920420092602007
2400,0.5918057965329477
2401,0.5786539054983716
2402,0.6088082402232167
2403,0.6105332723152641
2404,0.6222788747528196
2405,0.6223371537033002
2406,0.5244268813486171
2407,0.6382658680363922
2408,0.6098723834760001
2409,0.6568524758646781
2410,0.574865340858073
2411,0.6614418214683033
2412,0.606155142650967
2413,0.6293888350970712
2414,0.6694465576659934
2415,0.5851872640581415
2416,0.6022514274721099
2417,0.6474069500749177
2418,0.6310125641039951
2419,0.5603657248579751
2420,0.5825546259759493
2421,0.6130104821873339
2422,0.6079728183797042
2423,0.6654619666763228
2424,0.5948948484043838
2425,0.6357305476566444
2426,0.6748506247769153
2427,0.5541668199854128
2428,0.5807426561778708
2429,0.6657675663649185
2430,0.662283400334295
2431,0.5822156308214816
2432,0.6025532876690399
2433,0.652600111645853
2434,0.5842278931747859
2435,0.5844515554669025
2436,0.6424377953502928
2437,0.598381171968577
2438,0.6008438478512749
2439,0.5568767452874668
2440,0.6185564015835118
2441,0.5964193680710806
2442,0.6959126305660953
2443,0.6106871578194505
2444,0.5631461507226148
2445,0.6949397809868059
2446,0.6177537992118982
2447,0.5838628356988597
2448,0.7236240710028801
2449,0.6979269730567951
2450,0.6946496623159518
2451,0.6040637091577449
2452,0.5716148234582272
2453,0.581558831754521
2454,0.6742230319435122
2455,0.7139761185719657
2456,0.6278127547556555
2457,0.6642025579236827
2458,0.6443189514718801
2459,0.6411000573105263
2460,0.6345440682092861
2461,0.6156633351668714
2462,0.6523507656477938
2463,0.5345373529065064
2464,0.5956134745123617
2465,0.5814177673544544
2466,0.5419225000924318
2467,0.5488246711375382
2468,0.653341208409535
2469,0.7091704785604444
2470,0.6560115479786265
2471,0.6061792326983952
2472,0.5690498357727113
2473,0.5985389786401223
2474,0.6125368684969748
2475,0.6163493888508174
2476,0.6875263404294771
2477,0.6452560722894427
2478,0.5931080389272763
2479,0.6504841698536578
2480,0.6548894146006498
2481,0.6597154937374815
2482,0.6306490234274513
2483,0.5721004114008789
2484,0.6140747828992249
2485,0.5996427837419619
2486,0.6583463281673955
2487,0.6794377120748258
2488,0.6553687026945539
2489,0.6620234696161053
2490,0.6852195569948342
2491,0.529907269008268
2492,0.6169351101859075
2493,0.6319682318825509
2494,0.5574521871980324
2495,0.6286750137567632
2496,0.6561939146731008
2497,0.6181495046220208
2498,0.6700078104502919
2499,0.5477876717340592
2500,0.5978431469233877
2501,0.6365602397133253
2502,0.5710560361233747
2503,0.65349307610399
2504,0.6922148702314943
2505,0.5439359306438045
2506,0.696607806588132
2507,0.5357795482894235
2508,0.5660785787629794
2509,0.6575971252276842
2510,0.6514781262807188
2511,0.6384085885215814
2512,0.6481842963175615
2513,0.6272590905808336
2514,0.6757231754993588
2515,0.6189024978899458
2516,0.6805060210890318
2517,0.5427908990305711
2518,0.5921561218012084
2519,0.6182655682259021
2520,0.6159628288209356
2521,0.655287117799197
2522,0.6035870714611721
2523,0.6749208961186187
2524,0.6758290357101647
2525,0.6127385316678504
2526,0.6448137970296318
2527,0.6413522762268059
2528,0.6743460175024955
2529,0.6014312658030053
2530,0.6692843233513119
2531,0.6249495624562013
2532,0.7213800279297043
2533,0.6219940879540573
2534,0.6107088504709857
2535,0.6730799257293334
2536,0.5725210953565102
2537,0.5783456113069595
2538,0.6403571144515139
2539,0.5697542333465306
2540,0.6939189881688281
2541,0.6942487502880259
2542,0.5882647438320435
2543,0.6549025348445338
2544,0.6088988711442515
2545,0.6267728206414678
2546,0.6430843727735769
2547,0.6536697028035269
2548,0.6176153938802869
2549,0.6988192142963693
2550,0.693869898467764
2551,0.6792531411650748
2552,0.7077729228003734
2553,0.6210502412536412
2554,0.5972314174878455
2555,0.6352408151420241
2556,0.6019960297283897
2557,0.66194128218724
2558,0.6599481481284858
2559,0.6166360987850508
2560,0.6461313701308617
2561,0.6735721151227514
2562,0.6312765574288316
2563,0.6097159274838853
2564,0.644991979984573
2565,0.652770976574071
2566,0.6911609034342764
2567,0.7047448562065864
2568,0.6875510591221095
2569,0.6876959258623591
2570,0.6583509524876437
2571,0.7052960244334588
2572,0.5954266549586273
2573,0.6021998267318271
2574,0.6371637250440414
2575,0.5501038987972159
2576,0.6597948371490038
2577,0.5884396842915944
2578,0.6909184165489352
2579,0.5547746775092772
2580,0.656306313385756
2581,0.6733857460581693
2582,0.6362787311761422
2583,0.7026261199282372
2584,0.6475652314615512
2585,0.6658064827352358
2586,0.6501398354998177
2587,0.537273879405256
2588,0.6934356257876808
2589,0.6258432098182827
2590,0.63917352442814
2591,0.581557511043886
2592,0.6902887316390652
2593,0.7018095362722486
2594,0.6909348588364362
2595,0.6427800793189449
2596,0.6871683160604376
2597,0.6887592618781601
2598,0.5871995064886714
2599,0.5871848448930878
2600,0.5456216410373594
2601,0.5989648311238774
2602,0.6160591158431319
2603,0.6698544874084701
2604,0.6937388175863204
2605,0.5697771795814929
2606,0.7200610189485834
2607,0.5339537393915413
2608,0.6005955845910639
2609,0.6272657700401365
2610,0.5942642231057725
2611,0.5757455526923401
2612,0.573817128156174
2613,0.6195003706622121
2614,0.5699975903999162
2615,0.6838502805361499
2616,0.5657347425797057
2617,0.6019241548304622
2618,0.5324172143498128
2619,0.5474410776719758
2620,0.6510851617160647
2621,0.6270879629162674
2622,0.5797557485369966
2623,0.6082252564268711
2624,0.6132738187714337
2625,0.6050185589071652
2626,0.6212330589454983
2627,0.5172694374499499
2628,0.6062531392406288
2629,0.6408778939739829
2630,0.6707449701978596
2631,0.6340578832140039
2632,0.6563461141587886
2633,0.6210619852078431
2634,0.6049324940075818
2635,0.6277043878500562
2636,0.5712528694152266
2637,0.6032901017486957
2638,0.6344790051226958
2639,0.6603254162351729
2640,0.7021094768079803
2641,0.6243843910221213
2642,0.6147026237248049
2643,0.6633857997948831
2644,0.7176193541551101
2645,0.6513030467730633
2646,0.5874349075300551
2647,0.6463311294264316
2648,0.6184540418340164
2649,0.5825234097518375
2650,0.5708200932206074
2651,0.5934858206333473
2652,0.6690692567370041
2653,0.6148082777632643
2654,0.6355243330398306
2655,0.5807211871542438
2656,0.654114074392222
2657,0.6196861178779187
2658,0.646383327715087
2659,0.6775433246419409
2660,0.6518320268954524
2661,0.604332925829062
2662,0.6576191679924597
2663,0.6933106105358832
2664,0.6792377134838188
2665,0.5466112765675569
2666,0.6980528193769868
2667,0.6032082657212281
2668,0.6208556297875708
2669,0.6425264971593131
2670,0.5224017390426974
2671,0.6546877932103272
2672,0.6530187621150526
2673,0.5602922075458939
2674,0.6654831981383329
2675,0.5812050006893954
2676,0.6021643228584406
2677,0.6170143780510611
2678,0.653697092069956
2679,0.6584817375334159
2680,0.5777395323108617
2681,0.6706910140607188
2682,0.6277641774926541
2683,0.585322394387582
2684,0.5618960799639267
2685,0.6689075517374402
2686,0.5480706960588086
2687,0.5591295590715519
2688,0.6255442601800472
2689,0.617444663797135
2690,0.6395352023530569
2691,0.6005638957111548
2692,0.5914415493505308
2693,0.6038273968874203
2694,0.6856677992599595
2695,0.6106435635753739
2696,0.6295637475380536
2697,0.6651678858996679
2698,0.6738910396765925
2699,0.7019626857166195
2700,0.5726201131250171
2701,0.5640489452402015
2702,0.6223425015943391
2703,0.5737108100058997
2704,0.6153281655169323
2705,0.6631432788944785
2706,0.6526236093735734
2707,0.6665037557517293
2708,0.6152375333653498
2709,0.631332628439758
2710,0.6326599031354653
2711,0.6614346133432566
2712,0.6467103172984426
2713,0.583815028183637
2714,0.629292465990995
2715,0.5912965621657503
2716,0.6176125211768132
2717,0.6316895087840163
2718,0.6563461125315435
2719,0.6361590727939253
2720,0.6427283988911615
2721,0.6573301414057809
2722,0.585416229012586
2723,0.6171368992728066
2724,0.584915422398134
2725,0.6296249501702114
2726,0.6647629542324743
2727,0.6682086683820164
2728,0.596644522000652
2729,0.6522961336339654
2730,0.6885445640406092
2731,0.6215795086774843
2732,0.6232107805092431
2733,0.6930173439309617
2734,0.6479851928402935
2735,0.6138563406956937
2736,0.6319583478331079
2737,0.649639909967713
2738,0.6034043177592704
2739,0.6081802922688215
2740,0.6736777032492816
2741,0.6283798028771632
2742,0.6979212487344941
2743,0.7039018865125325
2744,0.6852026305960867
2745,0.6591182092968256
2746,0.6388905318881454
2747,0.6330675516767468
2748,0.6233611655070421
2749,0.6022062842568264
2750,0.6814306122934757
2751,0.546393703286753
2752,0.6450935377000352
2753,0.6000946812665581
2754,0.6271640115463336
2755,0.6106909874273064
2756,0.5753038756664836
2757,0.582414983044997
2758,0.6516904295378222
2759,0.6293894952162045
2760,0.668509864377406
2761,0.6835211978814071
2762,0.5796441746518924
2763,0.6369549936950883
2764,0.5581239861217704
2765,0.6626042844160324
2766,0.6626816556997125
2767,0.5585428695546455
2768,0.5897866817711018
2769,0.5642460270736778
2770,0.6663204261287247
2771,0.5209606895885475
2772,0.6310328469712857
2773,0.5898931459742882
2774,0.6338374547277192
2775,0.5562277685138217
2776,0.6288660616427464
2777,0.634567328517644
2778,0.6624873565587452
2779,0.6105087051573252
2780,0.6320597809224074
2781,0.610493926962592
2782,0.5807975938671448
2783,0.7227324250343924
2784,0.5494912789356613
2785,0.7591253315130696
2786,0.6437321504762096
2787,0.5750760829054545
2788,0.5537934107612112
2789,0.49204839085827673
2790,0.6032045983408052
2791,0.6695497371007982
2792,0.7088037793813184
2793,0.7045300828557073
2794,0.639903934163857
2795,0.6351421115147965
2796,0.5951892536273244
2797,0.648284997348202
2798,0.543652025086318
2799,0.6107518776129294
2800,0.5354896568058639
2801,0.6689306323389508
2802,0.6437119800376933
2803,0.6830484232566644
2804,0.7141901246522182
2805,0.6233898658806394
2806,0.7008493819446392
2807,0.6510762887182421
2808,0.651495284781236
2809,0.6348802738579661
2810,0.566340993222513
2811,0.5661487306498197
2812,0.6718112247046092
2813,0.6922439066767248
2814,0.548178960130639
2815,0.6656122495760965
2816,0.6793827105435867
2817,0.6569169825199879
2818,0.6998457858395902
2819,0.6691230677931579
2820,0.69989327864644
2821,0.6172026155750956
2822,0.7257935386069585
2823,0.5248475393633485
2824,0.6660043776860579
2825,0.5848402912765339
2826,0.5936403187405529
2827,0.658047581910173
2828,0.5498368646284927
2829,0.5667181589822736
2830,0.6920480082336629
2831,0.5794969910383875
2832,0.629504530434791
2833,0.6262919701968832
2834,0.5739442971384177
2835,0.7368352385283277
2836,0.6312434961716958
2837,0.5983462801877487
2838,0.5552471077598486
2839,0.6445550662454832
2840,0.6365674051242454
2841,0.6845214782810431
2842,0.6439024171246724
2843,0.6313710981691653
2844,0.6849016726249489
2845,0.5951481050000759
2846,0.6271838976502498
2847,0.574287382273106
2848,0.5617069968170738
2849,0.6490092945513898
2850,0.6479472782356265
2851,0.703693405036082
2852,0.6639475369909519
2853,0.6559352594103146
2854,0.6702476565989066
2855,0.6043885167543752
2856,0.6906602966432581
2857,0.6076088534097884
2858,0.5973556889835276
2859,0.5984321463765303
2860,0.6597033314816367
2861,0.6416473690577358
2862,0.597531114474424
2863,0.6308359125781281
2864,0.5328842531892137
2865,0.664030163229926
2866,0.6399193866343207
2867,0.6407695961950552
2868,0.5630874523381645
2869,0.7101144948102025
2870,0.6811926442588
2871,0.5975256398710524
2872,0.5932548902262108
2873,0.6169046574887633
2874,0.7510377798842653
2875,0.6363360976109453
2876,0.6681806103265919
2877,0.7354410459894999
2878,0.6440870020148239
2879,0.6850221383786155
2880,0.561783700786528
2881,0.6259268086476796
2882,0.6680302321564077
2883,0.5432236285664552
2884,0.6155222105966764
2885,0.6233457699205588
2886,0.6884220783398861
2887,0.5952083835137286
2888,0.6850233178560924
2889,0.6767633229774219
2890,0.6111882921308568
2891,0.7220420234589622
2892,0.5910191647375234
2893,0.6489789985008482
2894,0.6086709271205654
2895,0.5841713759401288
2896,0.6773154611900697
2897,0.6652612841600751
2898,0.5989221635171053
2899,0.5874097295207017
2900,0.6237395095001073
2901,0.6268493887892299
2902,0.6144652044143557
2903,0.6597026199668438
2904,0.6626648213035277
2905,0.5606771912710182
2906,0.6689361652175053
2907,0.6927404405176898
2908,0.5584629007709483
2909,0.6188929701178142
2910,0.6107197569449845
2911,0.6205712588337324
2912,0.631205702097245
2913,0.6165290464330073
2914,0.6826740263959986
2915,0.6556111519526546
2916,0.6550524520885256
2917,0.6327939882389754
2918,0.6589471046991485
2919,0.7484427325178133
2920,0.6270479500834407
2921,0.5953418639975788
2922,0.6329604467306651
2923,0.6585735004159307
2924,0.5553558477843759
2925,0.6004514472039615
2926,0.5805068938828584
2927,0.5810377212781399
2928,0.6913083290652058
2929,0.6018348255510978
2930,0.6363940507811516
2931,0.6313921739233136
2932,0.6335375334642392
2933,0.5944329171792829
2934,0.6753570697443846
2935,0.6343447303683417
2936,0.641425983747805
2937,0.6510667843292934
2938,0.6941141978379364
2939,0.5358357862455609
2940,0.665722469125767
2941,0.6908519796132873
2942,0.6479415078163347
2943,0.6046757031480473
2944,0.5947324366573471
2945,0.6644119180559036
2946,0.616432973368399
2947,0.6794928392170779
2948,0.6102034392773685
2949,0.6072848754426405
2950,0.6066872645623465
2951,0.6819038439227677
2952,0.6014582469997002
2953,0.5993792742672533
2954,0.6844200438136542
2955,0.686408641709763
2956,0.6175287939447345
2957,0.7184962905938401
2958,0.499831499621306
2959,0.6447302805206769
2960,0.714371412918812
2961,0.6883816721332614
2962,0.6400665667692327
2963,0.6294225596315551
2964,0.6647729951984487
2965,0.6201356150744016
2966,0.6058416552792802
2967,0.7072683055676435
2968,0.6159528075333646
2969,0.5357562169739042
2970,0.5561336651995339
2971,0.6617632070258344
2972,0.6343007330389725
2973,0.5881376798524899
2974,0.6258114497013026
2975,0.6670577990698529
2976,0.7029809034840594
2977,0.6291642557203239
2978,0.5211546580980801
2979,0.7033091672996591
2980,0.6197809661078868
2981,0.5794765981844784
2982,0.6768855489443059
2983,0.7545853178655081
2984,0.584003998214587
2985,0.7531641206976325
2986,0.7125864398228178
2987,0.6147206686656683
2988,0.7222921344374299
2989,0.6341375252521892
2990,0.5923157789323452
2991,0.678304241236562
2992,0.6808527706799468
2993,0.5751029928865357
2994,0.6444009793579221
2995,0.6825230899647842
2996,0.639605167886077
2997,0.5826978469989698
2998,0.6090257434784543
2999,0.6397194684518448
3000,0.6759606994087582
3001,0.6856295497835098
3002,0.6187865314884278
3003,0.627163409038404
3004,0.6768320804321755
3005,0.6071310395581884
3006,0.5269040200509487
3007,0.5887437040663837
3008,0.6746400003159927
3009,0.6702917178764863
3010,0.6689274244264466
3011,0.5952403357128748
3012,0.6522950716808549
3013,0.6534992067381676
3014,0.5685910760394344
3015,0.6772688080831568
3016,0.6488982186154278
3017,0.5153627554183777
3018,0.6866254591222837
3019,0.6634515737207747
3020,0.569010800441414
3021,0.6637819334953599
3022,0.6615293007866514
3023,0.6420133901623332
3024,0.6946643075164525
3025,0.6383933487744087
3026,0.6121309778251608
3027,0.6075484176039703
3028,0.740590141090901
3029,0.606274142600665
3030,0.6085879786132861
3031,0.70173150913217
3032,0.5817521480373004
3033,0.6732401838862206
3034,0.668768190027592
3035,0.6385886410795417
3036,0.6549445783328224
3037,0.6400586714617695
3038,0.6098996399687594
3039,0.6158643809550874
3040,0.6337868851687474
3041,0.6196627063998198
3042,0.6796551086863388
3043,0.6098209427879696
3044,0.6540333970590066
3045,0.5536973764001037
3046,0.64140848953882
3047,0.6491266361435991
3048,0.7168329493931163
3049,0.5834590147343675
3050,0.5788285856641031
3051,0.6595932132868392
3052,0.5759541860355989
3053,0.6324908869974746
3054,0.6409977973682414
3055,0.603797581865969
3056,0.5339240609246655
3057,0.7278812561922241
3058,0.67957672709492
3059,0.7265168491856043
3060,0.6587419384991787
3061,0.6840020767082879
3062,0.6597341412847889
3063,0.7044594108844486
3064,0.6245575843710117
3065,0.6937526935847959
3066,0.6617860992413312
3067,0.6747095577726404
3068,0.6566760778028189
3069,0.6744232371216197
3070,0.6879969833727784
3071,0.5802452922234302
3072,0.6505378291824653
3073,0.6496979975830081
3074,0.6111744181292065
3075,0.5457638512551674
3076,0.5965910712240026
3077,0.6581638399437169
3078,0.6692979436627938
3079,0.5962281202387407
3080,0.5891251791095439
3081,0.5594141603046772
3082,0.6170532913565555
3083,0.7068205527500687
3084,0.58104133588565
3085,0.6816291727891947
3086,0.610156369933787
3087,0.6632350144162202
3088,0.6684012996330411
3089,0.6568814121593098
3090,0.6117832922083617
3091,0.6057405135014003
3092,0.6861109926738591
3093,0.6209051319229679
3094,0.5468807873285302
3095,0.6560517545438942
3096,0.6105779406780191
3097,0.6334758689559092
3098,0.5346297102028315
3099,0.6548045471137028
3100,0.6578925992239261
3101,0.5728831999635254
3102,0.6859924383886167
3103,0.6077275364896417
3104,0.6192354570100355
3105,0.6415055656932759
3106,0.5679254068145722
3107,0.6428597839464559
3108,0.6082013156676499
3109,0.5458195673419743
3110,0.6257122033213709
3111,0.6876117176650065
3112,0.7100689592882159
3113,0.6837501478482397
3114,0.7050230787961195
3115,0.6037853015897094
3116,0.6678585223417633
3117,0.6185572536464624
3118,0.6049487888490966
3119,0.6464771137924417
3120,0.5300901728313502
3121,0.6938019521904729
3122,0.6445778847658937
3123,0.6511735471445093
3124,0.5924658599228648
3125,0.5733131371585664
3126,0.6547753706916146
3127,0.7235618414877086
3128,0.575566209272901
3129,0.6622695422528548
3130,0.6883290405651827
3131,0.6551946715444616
3132,0.6471422270336806
3133,0.645688792294592
3134,0.6939201056405139
3135,0.6289904320327326
3136,0.7183873660354769
3137,0.6367567501879094
3138,0.7149537673961573
3139,0.581902367043877
3140,0.6387550464332227
3141,0.6673541078806922
3142,0.6140249239875467
3143,0.5831897200910765
3144,0.6810966182367584
3145,0.7093910787424089
3146,0.7022391345779423
3147,0.6285781794079296
3148,0.6167209162506372
3149,0.5876438958912216
3150,0.6505686125106972
3151,0.6638978584534958
3152,0.6098414856886955
3153,0.7007969614737695
3154,0.5623729139593588
3155,0.7026104105904075
3156,0.6266737166444869
3157,0.5980508634119065
3158,0.5799029544534666
3159,0.6015514338470166
3160,0.6225736911761854
3161,0.6442003215833013
3162,0.6109642541417528
3163,0.653187135717491
3164,0.5310266371828779
3165,0.6668400463124955
3166,0.6672485457418409
3167,0.7014778295225613
3168,0.6572310503167158
3169,0.6193300448774594
3170,0.6056001429410405
3171,0.6216293811627218
3172,0.6281995249086046
3173,0.6027435350157053
3174,0.6043032127245668
3175,0.6673210559448153
3176,0.5699575451696386
3177,0.6073625515500077
3178,0.6181884418755691
3179,0.5664389203301495
3180,0.698868021366839
3181,0.5964779756875409
3182,0.5553674561420171
3183,0.6049242187899674
3184,0.5961799162510951
3185,0.5876719838916569
3186,0.7234908611854587
3187,0.5653198875645864
3188,0.6927307681786249
3189,0.6830890080426749
3190,0.6524253458509977
3191,0.6671713630532062
3192,0.5498973885552738
3193,0.5847318981146907
3194,0.6507871551822335
3195,0.694313833902786
3196,0.6537360485744673
3197,0.6156939229516348
3198,0.7165654013662184
3199,0.6695520026665074
3200,0.60401752585074
3201,0.5556924312684686
3202,0.6789041718324174
3203,0.6549519901574115
3204,0.5863130560669824
3205,0.6519267705459572
3206,0.528919723910872
3207,0.6060396292671851
3208,0.6038473695407931
3209,0.6894330188499653
3210,0.6696616026590569
3211,0.6061643160354625
3212,0.6725323448490016
3213,0.6319656602199245
3214,0.6484818241087363
3215,0.6168044063114998
3216,0.6182703856192294
3217,0.6343094787814815
3218,0.6273707598888677
3219,0.6120954517572492
3220,0.5690726580829499
3221,0.6584745695383323
3222,0.5977853198907975
3223,0.5538704096753649
3224,0.5443573277728488
3225,0.6202728138239282
3226,0.5697608189760239
3227,0.6151986110075705
3228,0.6602879521718299
3229,0.6054041840499411
3230,0.607089412687979
3231,0.6228410643034282
3232,0.6495540453266179
3233,0.5804096551442326
3234,0.7030305228498555
3235,0.6335850350625364
3236,0.6445863109649066
3237,0.6294587834240656
3238,0.6666354829453534
3239,0.6499655025763138
3240,0.6911594532323971
3241,0.6005730733173398
3242,0.6096377412432177
3243,0.6801107865464462
3244,0.6589110555958778
3245,0.6447331248358266
3246,0.5330789508303387
3247,0.6072016988019638
3248,0.5657148776043858
3249,0.5848474312537024
3250,0.6198113401174341
3251,0.6695278012448879
3252,0.6382565669690542
3253,0.6238363521281743
3254,0.706412892769379
3255,0.6166144572623217
3256,0.5858414947497412
3257,0.6053058250661216
3258,0.5681229798134192
3259,0.5878233631047216
3260,0.6594313316680114
3261,0.6213890192317464
3262,0.5743003578017692
3263,0.5823252447975452
3264,0.5040951120771336
3265,0.7375751749512012
3266,0.6745308986292338
3267,0.619887807741189
3268,0.6840654939552339
3269,0.621954927758693
3270,0.6346759399879404
3271,0.6074518312439163
3272,0.6295203463540898
3273,0.6329644945554188
3274,0.5957981326674556
3275,0.6035715861685148
3276,0.6344216136372336
3277,0.679338868553758
3278,0.6799549920204144
3279,0.7190152314011743
3280,0.7010834464687793
3281,0.6104887777996116
3282,0.6675151868676765
3283,0.6540040125985676
3284,0.6547341834907563
3285,0.6198896008522154
3286,0.6945032315669696
3287,0.6369377615098331
3288,0.5865016035074874
3289,0.6577499624615658
3290,0.5921596596308888
3291,0.6089585843005889
3292,0.6398581346359715
3293,0.6154691286030859
3294,0.6454089193156508
3295,0.5702140693032539
3296,0.5850926651681776
3297,0.6581340673174454
3298,0.6352330145474586
3299,0.5263995377967705
3300,0.6354786398539387
3301,0.5650647994755029
3302,0.6739943997447065
3303,0.727435011377661
3304,0.5784097541425182
3305,0.591507852935702
3306,0.5972166937029018
3307,0.6873111534221921
3308,0.5980384040146522
3309,0.6417358209766294
3310,0.6060419004176295
3311,0.7449146242560887
3312,0.6401956572450858
3313,0.613476802629402
3314,0.5461815481956325
3315,0.6057448259669375
3316,0.639625345791139
3317,0.6626743160328022
3318,0.6820650456795652
3319,0.6031997531466752
3320,0.5774592482311639
3321,0.6630393557071982
3322,0.6089454738116096
3323,0.5575936534585716
3324,0.6967550228035586
3325,0.6358339805177995
3326,0.626213513038587
3327,0.6239516892095281
3328,0.6279907947695462
3329,0.6534480495928195
3330,0.6083312209862876
3331,0.6221774244195164
3332,0.6117933212232551
3333,0.5578807685119519
3334,0.5640926841703762
3335,0.6205368650160291
3336,0.681357031385813
3337,0.6239575125039657
3338,0.6242871578302754
3339,0.5675077058711885
3340,0.6067112233600548
3341,0.6592593476805928
3342,0.7048985953534919
3343,0.6075570832988266
3344,0.6188483238311958
3345,0.6725540919415893
3346,0.6367849851912953
3347,0.6813803688889621
3348,0.6701491580851073
3349,0.6199221868954168
3350,0.49222442973555736
3351,0.6475240262897531
3352,0.6584788756456248
3353,0.5839462781325466
3354,0.6201142381808409
3355,0.6333311004129629
3356,0.5255071026527606
3357,0.7192684021364137
3358,0.6715712363516801
3359,0.6575496746765261
3360,0.6016013727603611
3361,0.600190674877843
3362,0.7152008590430686
3363,0.5972429336721946
3364,0.653337143261076
3365,0.585466852810145
3366,0.640130883074615
3367,0.5618800784570752
3368,0.6297432065985529
3369,0.5260655770035512
3370,0.5776623291857479
3371,0.5482410888677518
3372,0.6107345207632411
3373,0.6756028672852774
3374,0.6377473943527314
3375,0.6335411791262237
3376,0.5517655549819479
3377,0.5980311441893121
3378,0.6393226837444074
3379,0.636839177599498
3380,0.6472326447798007
3381,0.6707499490374687
3382,0.5799445327797312
3383,0.6133542393864724
3384,0.697027355895267
3385,0.7215431127696368
3386,0.6491135118784124
3387,0.6842770662556112
3388,0.6227236085458047
3389,0.7081347671737471
3390,0.640817334956949
3391,0.6506853594170957
3392,0.6817475799220325
3393,0.7063660210908553
3394,0.6381950631891079
3395,0.7070779992716345
3396,0.7031639750118017
3397,0.5783131431196342
3398,0.6512115789111239
3399,0.6463792705582047
3400,0.5346313008281457
3401,0.6028860049973488
3402,0.5921044934829002
3403,0.5713010365089816
3404,0.7359744552990756
3405,0.5463861704436997
3406,0.614873466860028
3407,0.6023312372582201
3408,0.6243172306374637
3409,0.6666064075849009
3410,0.5863232047666621
3411,0.5733654372402118
3412,0.640917283797752
3413,0.5956030333782724
3414,0.5983970085083555
3415,0.5920805432556567
3416,0.6056905345077152
3417,0.6463145356842697
3418,0.6274263926563514
3419,0.6532459134759696
3420,0.6121659476479911
3421,0.6199608397262487
3422,0.6451529452310949
3423,0.6157540538401537
3424,0.5508900821515773
3425,0.6912317153877245
3426,0.5993034726597517
3427,0.5543306703917752
3428,0.559346631956471
3429,0.6541872842546881
3430,0.6306925118194148
3431,0.5729337065061268
3432,0.6946986546628434
3433,0.6372588902843289
3434,0.6115489820621614
3435,0.6759087962027525
3436,0.6010152425263493
3437,0.5949660497522127
3438,0.5286750368783781
3439,0.6164416334467352
3440,0.5806552952269501
3441,0.6218424134334432
3442,0.5227827114858704
3443,0.559653210666547
3444,0.5754347658790342
3445,0.6408840084399171
3446,0.6108622526464371
3447,0.651371151112254
3448,0.6141312623749619
3449,0.6848244162443248
3450,0.6505042486799003
3451,0.5433048320390393
3452,0.6341147693649615
3453,0.6476240415076329
3454,0.6087834424915409
3455,0.6622677724382909
3456,0.6611486920368348
3457,0.7092660233889192
3458,0.6266726750729975
3459,0.6520820252332719
3460,0.6942218161327258
3461,0.6122808428982439
3462,0.6450962029627284
3463,0.6280561572029927
3464,0.7139807964494707
3465,0.648051794489525
3466,0.6972365884805611
3467,0.7377258628601936
3468,0.6196845301752661
3469,0.7106841078452755
3470,0.6569178670927659
3471,0.6127103608733714
3472,0.6805778844427073
3473,0.7014731348211067
3474,0.5873448441523371
3475,0.596651870054259
3476,0.6470017724312552
3477,0.5936372635478787
3478,0.6335031399219127
3479,0.6072763572239203
3480,0.6027595082472353
3481,0.6625497586963043
3482,0.6574432994551969
3483,0.6684260829080968
3484,0.5539655292468104
3485,0.6494507355124888
3486,0.6511203171252791
3487,0.5934909898300554
3488,0.5961537871786992
3489,0.5808457368723472
3490,0.5648223786044279
3491,0.6892610628612309
3492,0.6858108696487932
3493,0.6591968209787431
3494,0.6361734827333066
3495,0.6475731214933893
3496,0.6572660108676616
3497,0.6279820149931354
3498,0.6361347275070401
3499,0.5987359393142451
3500,0.6090970777266115
3501,0.6692931733410366
3502,0.659620773068551
3503,0.655865284146294
3504,0.717328772822991
3505,0.6192904752153194
3506,0.7233627310391433
3507,0.6873170074380309
3508,0.7142014249977526
3509,0.6560500156262253
3510,0.6692623531846202
3511,0.5897378057851621
3512,0.5979249431145068
3513,0.7243119745501541
3514,0.5813208944672925
3515,0.5866401292501335
3516,0.6974154827296344
3517,0.6532899543024202
3518,0.5827847196378864
3519,0.6013834634307651
3520,0.6649808185015165
3521,0.6443122225795629
3522,0.6601884029703846
3523,0.651042659713763
3524,0.592898008510642
3525,0.5942924461795779
3526,0.6339708333886991
3527,0.6183346887068724
3528,0.67980308166352
3529,0.5573503005106981
3530,0.619232469883111
3531,0.636720546045699
3532,0.601664864118169
3533,0.6159054109175351
3534,0.6296346884317015
3535,0.611459685327368
3536,0.6176067057489838
3537,0.6185024689724626
3538,0.5956591659387381
3539,0.6264052831064455
3540,0.6946512046181713
3541,0.5855012794108342
3542,0.6645887772965685
3543,0.5931780311322519
3544,0.5714540555084601
3545,0.5697062917829497
3546,0.6392658122626896
3547,0.6008063962861705
3548,0.6083848293519104
3549,0.6111006052873372
3550,0.6522162715828758
3551,0.5743709530918292
3552,0.642604213664484
3553,0.5872915162479623
3554,0.533323640829929
3555,0.6077723674056249
3556,0.6157110560533272
3557,0.5889935668276188
3558,0.6020328922760494
3559,0.6717181299649272
3560,0.5845858942407729
3561,0.5418079379891162
3562,0.6003641109276724
3563,0.5726245293914686
3564,0.6225929364744182
3565,0.5974762320026582
3566,0.6447071871340782
3567,0.6757066128300007
3568,0.6657296930175366
3569,0.6552209600728733
3570,0.6007988035777226
3571,0.5772992777414229
3572,0.5983008759965118
3573,0.5601208195893204
3574,0.5838625560961812
3575,0.6150553066746245
3576,0.6578348615353461
3577,0.652526618361116
3578,0.6519368453338488
3579,0.5783461605427562
3580,0.5347795981430099
3581,0.5792135727759825
3582,0.6673639342148527
3583,0.600744931777094
3584,0.6432360743927957
3585,0.6422159740978765
3586,0.5205073780211569
3587,0.6940589349304876
3588,0.6112215908054375
3589,0.6700145600643961
3590,0.6200233065617871
3591,0.4820252364150969
3592,0.6481376226511896
3593,0.617573705778225
3594,0.6798117054610087
3595,0.6562078591872376
3596,0.5712750738587147
3597,0.5626813327062706
3598,0.6421527924438699
3599,0.5430106282581213
3600,0.5618759266633188
3601,0.6209118279751714
3602,0.6481713487470807
3603,0.6655975383639771
3604,0.7201729795967381
3605,0.6329558712441071
3606,0.7016358804848509
3607,0.646901037793097
3608,0.7228878865888723
3609,0.649055727033972
3610,0.7041419514480769
3611,0.6099068998788184
3612,0.5614264269519369
3613,0.6446430787278159
3614,0.6711103791284675
3615,0.6834240626656239
3616,0.6548399829041247
3617,0.6350847091683246
3618,0.6475403355655149
3619,0.6441594947749435
3620,0.69008044973279
3621,0.650835090357011
3622,0.6921045417502083
3623,0.6512520325598288
3624,0.6446823820581692
3625,0.6133745850792844
3626,0.5710634855704927
3627,0.6369159597514247
3628,0.6127906317153676
3629,0.6061980054447841
3630,0.6534153268920053
3631,0.6927618555287406
3632,0.6183496084786902
3633,0.7451292200209099
3634,0.6436488308364773
3635,0.6131108282353985
3636,0.6376703349701843
3637,0.5287721576448895
3638,0.5995773203177711
3639,0.6574084710087317
3640,0.6291713347748041
3641,0.6489275228978086
3642,0.597899562281598
3643,0.6021981286020871
3644,0.5596716443298841
3645,0.6030817473427406
3646,0.7081562246007018
3647,0.5787847124690702
3648,0.6851382294262995
3649,0.6335879284360133
3650,0.6320291591402875
3651,0.6479585444423441
3652,0.6657934926218587
3653,0.5810310512252439
3654,0.6367493742287311
3655,0.5608697785421416
3656,0.6719159740369391
3657,0.6010315566229215
3658,0.6796055714743943
3659,0.6184585228859089
3660,0.6545782106002653
3661,0.6414593419377523
3662,0.6589684925374988
3663,0.6496733618831573
3664,0.6605305634558839
3665,0.7186686464746053
3666,0.6308599501001693
3667,0.6144439620817492
3668,0.6630318727101613
3669,0.6509862411068827
3670,0.6232372018521168
3671,0.695221068142748
3672,0.6398689871346445
3673,0.5763329299431293
3674,0.5901154072747998
3675,0.5963061781596561
3676,0.5865986738757906
3677,0.6233882578170491
3678,0.5987361449784222
3679,0.6400300880911024
3680,0.521316194076545
3681,0.6436076174705667
3682,0.6162675438006198
3683,0.6610264181861443
3684,0.5982916988961964
3685,0.6036594574779093
3686,0.6184508851142856
3687,0.6909250332175771
3688,0.6789328626127267
3689,0.6936107757155479
3690,0.6238975802291827
3691,0.6364721979867265
3692,0.644983696549993
3693,0.6721020833959525
3694,0.6591844386615339
3695,0.6088675464155808
3696,0.6831080601971609
3697,0.6774833502396018
3698,0.6441901432099698
3699,0.6593778390303116
3700,0.6222905570980245
3701,0.6048980300592498
3702,0.6574921366341087
3703,0.6448679689157498
3704,0.6314162319432729
3705,0.6028272032127495
3706,0.6706715857597959
3707,0.6258255239705486
3708,0.5678101677077606
3709,0.7360019491401854
3710,0.5475520290688936
3711,0.671264077309146
3712,0.6805782353970572
3713,0.5949352088288602
3714,0.6517269130035781
3715,0.6422706688457288
3716,0.6210330700965193
3717,0.6627760816063554
3718,0.6194692099977217
3719,0.6492767021791356
3720,0.6319820587454872
3721,0.6403197444941164
3722,0.6743741552457788
3723,0.598812344604471
3724,0.6750741989725781
3725,0.5996490489179722
3726,0.6617180352742202
3727,0.6022450270847283
3728,0.677566776618812
3729,0.6351645943491998
3730,0.6100099225082233
3731,0.7159058139902588
3732,0.7090514812111508
3733,0.692701971931869
3734,0.6691152847198616
3735,0.6145331714284691
3736,0.6587996694621979
3737,0.6741154141347812
3738,0.583925702903749
3739,0.5720316123987005
3740,0.6016540981305929
3741,0.6098249969016408
3742,0.6558484692057975
3743,0.6970037569900687
3744,0.7215066046317699
3745,0.6272989140626949
3746,0.6233719524353181
3747,0.6209132056614479
3748,0.7345624890468279
3749,0.6067337242897672
3750,0.7094299707191999
3751,0.6456691358188833
3752,0.6515736199204621
3753,0.5944211199235384
3754,0.6667510373389676
3755,0.6424669636330504
3756,0.5862687404248672
3757,0.5877031044977281
3758,0.6553176290935743
3759,0.6942670592932889
3760,0.629690431311363
3761,0.6977899340492462
3762,0.6252590408570788
3763,0.6619695553243043
3764,0.6283424076560259
3765,0.6093024762441192
3766,0.6233891686120572
3767,0.641751749075871
3768,0.7458043182749331
3769,0.6289299682677182
3770,0.5673543881034849
3771,0.5619666804702121
3772,0.6229474639554865
3773,0.7539233661426522
3774,0.6138040941070657
3775,0.6314037164652085
3776,0.6486656705292282
3777,0.5926734893146052
3778,0.6262242860748171
3779,0.694456619370086
3780,0.6548468145608355
3781,0.6176615558555645
3782,0.5577238688063617
3783,0.5912783761313767
3784,0.611847731188623
3785,0.6368415859416612
3786,0.6206532799091115
3787,0.6356556996306368
3788,0.6585885386511883
3789,0.638540557583684
3790,0.534859715326029
3791,0.6173650027044763
3792,0.608568928989333
3793,0.5599152519275402
3794,0.6247258169678706
3795,0.6068501990366477
3796,0.6054090320501463
3797,0.6822522961911888
3798,0.7092882629133319
3799,0.619252772693539
3800,0.6247487718475767
3801,0.6067064423737785
3802,0.6658954818591758
3803,0.6617569046605053
3804,0.6792400798169881
3805,0.6042002919593027
3806,0.6920738900455763
3807,0.6815299061840067
3808,0.6339287490312029
3809,0.6408300415362984
3810,0.671791354133758
3811,0.5993225884468408
3812,0.6468884342376342
3813,0.6153061458381602
3814,0.641571572800762
3815,0.62013903925166
3816,0.6301736645723078
3817,0.5726117470022207
3818,0.5969346840911054
3819,0.6744951454766887
3820,0.685511721921571
3821,0.6520898975475319
3822,0.5786053059769702
3823,0.5898091392524034
3824,0.6043161219472701
3825,0.5594733094519195
3826,0.6173422439503048
3827,0.6004313209770281
3828,0.6227075207855277
3829,0.6233460971055264
3830,0.6586522090868415
3831,0.6060515825334744
3832,0.670228707058904
3833,0.6031539029073105
3834,0.6287732658267334
3835,0.5887859503961269
3836,0.6092167589923659
3837,0.5895693395008695
3838,0.582148997062762
3839,0.6553709064518926
3840,0.5771028079225325
3841,0.5614870759844005
3842,0.6615504562462996
3843,0.6683416029834756
3844,0.7048389298273947
3845,0.6813548972531329
3846,0.7013510905558695
3847,0.6979189512007774
3848,0.6045000466361983
3849,0.6453468818058282
3850,0.5815970527624108
3851,0.6419216900113615
3852,0.6218946818960644
3853,0.5974100926657477
3854,0.6540017811336035
3855,0.5961719083454889
3856,0.5874264265707526
3857,0.6330612254360165
3858,0.6369760531713865
3859,0.7158602101723806
3860,0.651435940022539
3861,0.5695161001342708
3862,0.5993596287374908
3863,0.6893891206718543
3864,0.643058345256648
3865,0.611767551629572
3866,0.6103071820107249
3867,0.6676034917491603
3868,0.5321647198044748
3869,0.6521922002077715
3870,0.6623960569471712
3871,0.6302295222452787
3872,0.5958537279588765
3873,0.6024776913280554
3874,0.6132280905262648
3875,0.5920364649217025
3876,0.6547649498326004
3877,0.5797334118295929
3878,0.6874505809003728
3879,0.5895257894774615
3880,0.569781792440738
3881,0.6281116370762824
3882,0.6508791477694353
3883,0.6878067054274781
3884,0.6150294193800313
3885,0.6875839765453293
3886,0.5829585232690412
3887,0.6516735494769569
3888,0.6371929230766191
3889,0.6789546833771856
3890,0.6213532446684716
3891,0.631098835571525
3892,0.6083628653955694
3893,0.5833571042090672
3894,0.6162774929179407
3895,0.6773455276718563
3896,0.6017192203740902
3897,0.6170303712221243
3898,0.612025636833634
3899,0.6020191887981419
3900,0.5801721598947468
3901,0.6417405899165771
3902,0.5901319146622402
3903,0.6655775730503138
3904,0.6347319106019715
3905,0.508810066999042
3906,0.5982414112329303
3907,0.6482165295185598
3908,0.6709925256111924
3909,0.6627188148237597
3910,0.6524631238724442
3911,0.5565592373172678
3912,0.6487013457402502
3913,0.7039874367759089
3914,0.5862705660855503
3915,0.615520961247401
3916,0.6664837499003724
3917,0.6532029937667597
3918,0.5719077633684515
3919,0.5997127473426613
3920,0.7051179111136946
3921,0.6066508082715307
3922,0.588840974393218
3923,0.6079462676375694
3924,0.6500775604033138
3925,0.7286671494875008
3926,0.6659124482693624
3927,0.6982191373431473
3928,0.6063519613915139
3929,0.6819957080033126
3930,0.6826606399666262
3931,0.5910556287383932
3932,0.5243872973283225
3933,0.6542902660126775
3934,0.6250783644694214
3935,0.6030412742770771
3936,0.6688513359464423
3937,0.5401744490168013
3938,0.6504955521274041
3939,0.6372728433396739
3940,0.7005394103574619
3941,0.6447819208408646
3942,0.6382876115695996
3943,0.6072601743171859
3944,0.6341656063976177
3945,0.6682493341489463
3946,0.5751927780682622
3947,0.6176485309788977
3948,0.705499889500295
3949,0.625805296687797
3950,0.6020899465593448
3951,0.6522367735671695
3952,0.6213714548485246
3953,0.6218201205519011
3954,0.5510599425742013
3955,0.6219230706390053
3956,0.6124144891146858
3957,0.6175447922028703
3958,0.651916859867686
3959,0.6467675427712749
3960,0.6370878277305494
3961,0.6564871065947975
3962,0.625008362388307
3963,0.5590009721323296
3964,0.6577737785486767
3965,0.7162831385268332
3966,0.6994218549212688
3967,0.6928092408896428
3968,0.5236591948632033
3969,0.6484044231939303
3970,0.6059191869542289
3971,0.6347555326730049
3972,0.664959848697347
3973,0.6567887377789539
3974,0.6215265620124965
3975,0.6453658999185634
3976,0.6685321123284785
3977,0.6504439196834616
3978,0.6576479541226486
3979,0.6733076619929426
3980,0.698983983026781
3981,0.5904332459352765
3982,0.5243583557902568
3983,0.6061089242650624
3984,0.6485610903641214
3985,0.6958873008637022
3986,0.5069101593617458
3987,0.6175556654362647
3988,0.5398447202417508
3989,0.6694136119842997
3990,0.735310070206899
3991,0.6666740039972816
3992,0.6019880796014359
3993,0.635927897870901
3994,0.7207720220540221
3995,0.6427703665142421
3996,0.5254361969243189
3997,0.6601969144190157
3998,0.6150711297297015
3999,0.6598525712918385
4000,0.6589109940094887
